"VARNAME1","VARNAME2","CORCOEF"
"BLDADEN","BLDADEN",1
"BLDADEN","BLDDEND10",0.469195991238036
"BLDADEN","GAWHC5",0.217991128104492
"BLDADEN","GDRAIN4MW",0.239519273663891
"BLDADEN","GDRAIN5I",-0.120144744056509
"BLDADEN","GDRAIN6P",-0.0358554493110302
"BLDADEN","HSLWCH100",-0.0450476241082195
"BLDADEN","HSLWP",-0.206867638865867
"BLDADEN","ISAPCDH",0.0439176262543529
"BLDADEN","ISAPCH100",-0.0131704445462547
"BLDADEN","L130",0.0845943734505067
"BLDADEN","LRESIDENT",0.179697281920612
"BLDADEN","MCH500",-0.195214831848589
"BLDADEN","MDITCH500",-0.0458038116554102
"BLDADEN","MDITCV10",-0.0328003833209554
"BLDADEN","OBWP",0.0588377661114509
"BLDADEN","RDDEND10",0.0881229293917989
"BLDADEN","RDP",-0.191408041313893
"BLDADEN","SAGE3",0.0527092553434474
"BLDADEN","SAGE5",0.176588145540133
"BLDADEN","SAGESAN2",0.040072444545879
"BLDADEN","SAGESAN4",-0.0868610448873229
"BLDADEN","SAGESAND2",-0.0309810909152375
"BLDADEN","SAGESTR4",-0.0744791726056973
"BLDADEN","SDEN",0.138766377464635
"BLDADEN","SDIASAN1",-0.0517975236225344
"BLDADEN","SDIASAN2",0.0272359562636967
"BLDADEN","SDIASAND3",-0.001496037787761
"BLDADEN","SDIASTR1",-0.00845864785609685
"BLDADEN","SPAGE3",0.0204633572161875
"BLDADEN","SPAGECOM4",-0.0864686991219082
"BLDADEN","SPAGESAN2",0.0212289379858599
"BLDADEN","SPAGESTR2",0.0132442161363724
"BLDADEN","SPAGESTR4",-0.0828616943174039
"BLDADEN","SPDIA3",0.025556761749063
"BLDADEN","SPDIA4",0.00952055283844082
"BLDADEN","SPDIASAN2",-0.0068523227773254
"BLDADEN","SPDIASTR5",-0.019996788778272
"BLDADEN","SSHCTNUM",0.367966827108991
"BLDADEN","T20_2000SD",0.120138788833531
"BLDADEN","WLAKCH500P",0.296911189422516
"BLDADEN","WOTHCH500P",0.23351953546455
"BLDADEN","WRIVCV20P",0.282119662290629
"BLDADEN","WRIVEDH",0.325040807829823
"BLDADEN","WRIVP",-0.292022935305
"BLDDEND10","BLDADEN",0.469195991238036
"BLDDEND10","BLDDEND10",1
"BLDDEND10","GAWHC5",0.173392086816464
"BLDDEND10","GDRAIN4MW",0.271800995481061
"BLDDEND10","GDRAIN5I",-0.0592414686173177
"BLDDEND10","GDRAIN6P",-0.137361850273031
"BLDDEND10","HSLWCH100",-0.0612303304535967
"BLDDEND10","HSLWP",-0.136618402810278
"BLDDEND10","ISAPCDH",0.0317117300059566
"BLDDEND10","ISAPCH100",0.0116953048729529
"BLDDEND10","L130",-0.00806171914654111
"BLDDEND10","LRESIDENT",0.0334567936787202
"BLDDEND10","MCH500",-0.141539779308075
"BLDDEND10","MDITCH500",-0.0713580012487261
"BLDDEND10","MDITCV10",-0.0565642111565132
"BLDDEND10","OBWP",-0.140128284247411
"BLDDEND10","RDDEND10",0.12789290532007
"BLDDEND10","RDP",-0.446504563701305
"BLDDEND10","SAGE3",-0.0493948325003727
"BLDDEND10","SAGE5",0.285127173674765
"BLDDEND10","SAGESAN2",-0.0497708261707622
"BLDDEND10","SAGESAN4",-0.040296322961615
"BLDDEND10","SAGESAND2",-0.0857648793305397
"BLDDEND10","SAGESTR4",-0.0371498516803146
"BLDDEND10","SDEN",0.154983059570263
"BLDDEND10","SDIASAN1",-0.000345416265527055
"BLDDEND10","SDIASAN2",-0.112375120982957
"BLDDEND10","SDIASAND3",-0.155788558235007
"BLDDEND10","SDIASTR1",-0.00207223759849449
"BLDDEND10","SPAGE3",-0.201879931776801
"BLDDEND10","SPAGECOM4",-0.0803585170829087
"BLDDEND10","SPAGESAN2",-0.117766470060295
"BLDDEND10","SPAGESTR2",-0.111462190551081
"BLDDEND10","SPAGESTR4",-0.108307040777973
"BLDDEND10","SPDIA3",-0.230646508137294
"BLDDEND10","SPDIA4",-0.189566882735588
"BLDDEND10","SPDIASAN2",-0.26365681882511
"BLDDEND10","SPDIASTR5",-0.119307122222235
"BLDDEND10","SSHCTNUM",0.383433840638906
"BLDDEND10","T20_2000SD",0.130583532299244
"BLDDEND10","WLAKCH500P",0.217985066616224
"BLDDEND10","WOTHCH500P",0.173158997757896
"BLDDEND10","WRIVCV20P",0.231092688741933
"BLDDEND10","WRIVEDH",0.239872806149899
"BLDDEND10","WRIVP",-0.125005265002806
"GAWHC5","BLDADEN",0.217991128104492
"GAWHC5","BLDDEND10",0.173392086816464
"GAWHC5","GAWHC5",1
"GAWHC5","GDRAIN4MW",0.593040477216043
"GAWHC5","GDRAIN5I",0.0619532805128596
"GAWHC5","GDRAIN6P",0.278954583866941
"GAWHC5","HSLWCH100",-0.129052479130902
"GAWHC5","HSLWP",-0.146048236468401
"GAWHC5","ISAPCDH",0.225955856878737
"GAWHC5","ISAPCH100",-0.0381167257894852
"GAWHC5","L130",0.0160132758215551
"GAWHC5","LRESIDENT",0.0676658492137424
"GAWHC5","MCH500",-0.235818534234832
"GAWHC5","MDITCH500",-0.154147089377692
"GAWHC5","MDITCV10",-0.149611601738627
"GAWHC5","OBWP",0.200392752077058
"GAWHC5","RDDEND10",0.147952549542056
"GAWHC5","RDP",-0.0394538502024349
"GAWHC5","SAGE3",0.0168023506706708
"GAWHC5","SAGE5",0.138442855862153
"GAWHC5","SAGESAN2",-0.0502617712250173
"GAWHC5","SAGESAN4",0.0265710098525267
"GAWHC5","SAGESAND2",-0.0603934458598942
"GAWHC5","SAGESTR4",0.0598665027189587
"GAWHC5","SDEN",0.17669274519278
"GAWHC5","SDIASAN1",-0.227323363597499
"GAWHC5","SDIASAN2",-0.000167942937798731
"GAWHC5","SDIASAND3",-0.0603471476595631
"GAWHC5","SDIASTR1",-0.0055139110569823
"GAWHC5","SPAGE3",-0.0692833207834152
"GAWHC5","SPAGECOM4",0.118794783086204
"GAWHC5","SPAGESAN2",-0.0662110339120776
"GAWHC5","SPAGESTR2",-0.00447703413011983
"GAWHC5","SPAGESTR4",0.0455624007605834
"GAWHC5","SPDIA3",0.100022860688016
"GAWHC5","SPDIA4",0.105958481575439
"GAWHC5","SPDIASAN2",-0.0659449702656875
"GAWHC5","SPDIASTR5",0.0414966349606724
"GAWHC5","SSHCTNUM",0.17533265423178
"GAWHC5","T20_2000SD",-0.082062871350378
"GAWHC5","WLAKCH500P",0.299819692652737
"GAWHC5","WOTHCH500P",0.247923054806206
"GAWHC5","WRIVCV20P",0.426323009032297
"GAWHC5","WRIVEDH",0.479843145984177
"GAWHC5","WRIVP",-0.159716179112965
"GDRAIN4MW","BLDADEN",0.239519273663891
"GDRAIN4MW","BLDDEND10",0.271800995481061
"GDRAIN4MW","GAWHC5",0.593040477216043
"GDRAIN4MW","GDRAIN4MW",1
"GDRAIN4MW","GDRAIN5I",-0.127943820248992
"GDRAIN4MW","GDRAIN6P",-0.576087575031577
"GDRAIN4MW","HSLWCH100",-0.136552904491894
"GDRAIN4MW","HSLWP",-0.123747290602195
"GDRAIN4MW","ISAPCDH",0.108014382964844
"GDRAIN4MW","ISAPCH100",0.00661716196176894
"GDRAIN4MW","L130",-0.0488906983000287
"GDRAIN4MW","LRESIDENT",0.086453540614372
"GDRAIN4MW","MCH500",-0.300206009062495
"GDRAIN4MW","MDITCH500",-0.160326138535743
"GDRAIN4MW","MDITCV10",-0.142812869704546
"GDRAIN4MW","OBWP",0.127837614399434
"GDRAIN4MW","RDDEND10",0.21033044690926
"GDRAIN4MW","RDP",-0.0545591920348264
"GDRAIN4MW","SAGE3",-0.179188408490087
"GDRAIN4MW","SAGE5",0.29426786071755
"GDRAIN4MW","SAGESAN2",-0.114623374485713
"GDRAIN4MW","SAGESAN4",-0.0709668808542633
"GDRAIN4MW","SAGESAND2",-0.176851790438934
"GDRAIN4MW","SAGESTR4",0.0351163149305653
"GDRAIN4MW","SDEN",0.123888932364309
"GDRAIN4MW","SDIASAN1",-0.229605593632
"GDRAIN4MW","SDIASAN2",-0.260001133177875
"GDRAIN4MW","SDIASAND3",-0.200664340488277
"GDRAIN4MW","SDIASTR1",-0.0591866617456328
"GDRAIN4MW","SPAGE3",-0.257899398176737
"GDRAIN4MW","SPAGECOM4",0.269777136106083
"GDRAIN4MW","SPAGESAN2",-0.144358081673411
"GDRAIN4MW","SPAGESTR2",-0.0938062092798962
"GDRAIN4MW","SPAGESTR4",-2.07074783857062e-05
"GDRAIN4MW","SPDIA3",0.0359512227119721
"GDRAIN4MW","SPDIA4",0.0265738872400385
"GDRAIN4MW","SPDIASAN2",-0.34963790999443
"GDRAIN4MW","SPDIASTR5",-0.0879504509754929
"GDRAIN4MW","SSHCTNUM",0.531764548421809
"GDRAIN4MW","T20_2000SD",0.0285548223033422
"GDRAIN4MW","WLAKCH500P",0.363838013124244
"GDRAIN4MW","WOTHCH500P",0.250746394871806
"GDRAIN4MW","WRIVCV20P",0.528275223614579
"GDRAIN4MW","WRIVEDH",0.509375118322813
"GDRAIN4MW","WRIVP",-0.136930605002016
"GDRAIN5I","BLDADEN",-0.120144744056509
"GDRAIN5I","BLDDEND10",-0.0592414686173177
"GDRAIN5I","GAWHC5",0.0619532805128596
"GDRAIN5I","GDRAIN4MW",-0.127943820248992
"GDRAIN5I","GDRAIN5I",1
"GDRAIN5I","GDRAIN6P",-0.0601822582219837
"GDRAIN5I","HSLWCH100",0.0489298811007136
"GDRAIN5I","HSLWP",0.132309638976989
"GDRAIN5I","ISAPCDH",-0.00307765886310026
"GDRAIN5I","ISAPCH100",-0.0102513421170109
"GDRAIN5I","L130",0.0117087928273187
"GDRAIN5I","LRESIDENT",-0.0870887557568543
"GDRAIN5I","MCH500",0.0883897695524387
"GDRAIN5I","MDITCH500",-0.00264005248161491
"GDRAIN5I","MDITCV10",0.00564048858042395
"GDRAIN5I","OBWP",0.0110181003256403
"GDRAIN5I","RDDEND10",-0.078912939857624
"GDRAIN5I","RDP",-0.0893418599495848
"GDRAIN5I","SAGE3",-0.071255352317763
"GDRAIN5I","SAGE5",-0.0485460476864887
"GDRAIN5I","SAGESAN2",0.0696674287102458
"GDRAIN5I","SAGESAN4",-0.0308237666278024
"GDRAIN5I","SAGESAND2",-0.0454228036233937
"GDRAIN5I","SAGESTR4",-0.0270470969853964
"GDRAIN5I","SDEN",-0.100664127616368
"GDRAIN5I","SDIASAN1",-0.02069336137693
"GDRAIN5I","SDIASAN2",-0.0463282767547233
"GDRAIN5I","SDIASAND3",-0.0235231713036743
"GDRAIN5I","SDIASTR1",-0.00637124194680706
"GDRAIN5I","SPAGE3",-0.0989457530273083
"GDRAIN5I","SPAGECOM4",-0.0432741526881103
"GDRAIN5I","SPAGESAN2",0.0773323906476813
"GDRAIN5I","SPAGESTR2",0.0458551628269182
"GDRAIN5I","SPAGESTR4",-0.0322171318923085
"GDRAIN5I","SPDIA3",-0.0603939321351343
"GDRAIN5I","SPDIA4",-0.034658672478915
"GDRAIN5I","SPDIASAN2",-0.0432263048742733
"GDRAIN5I","SPDIASTR5",-0.00091321786688354
"GDRAIN5I","SSHCTNUM",-0.186817995753665
"GDRAIN5I","T20_2000SD",-0.152023356612081
"GDRAIN5I","WLAKCH500P",-0.170081991416317
"GDRAIN5I","WOTHCH500P",-0.141816038141609
"GDRAIN5I","WRIVCV20P",-0.134648536120328
"GDRAIN5I","WRIVEDH",-0.141146607495257
"GDRAIN5I","WRIVP",0.129267688416756
"GDRAIN6P","BLDADEN",-0.0358554493110302
"GDRAIN6P","BLDDEND10",-0.137361850273031
"GDRAIN6P","GAWHC5",0.278954583866941
"GDRAIN6P","GDRAIN4MW",-0.576087575031577
"GDRAIN6P","GDRAIN5I",-0.0601822582219837
"GDRAIN6P","GDRAIN6P",1
"GDRAIN6P","HSLWCH100",0.0210400621614658
"GDRAIN6P","HSLWP",-0.0350142755386876
"GDRAIN6P","ISAPCDH",0.0993498713308829
"GDRAIN6P","ISAPCH100",-0.0439263887786937
"GDRAIN6P","L130",0.0723956212614784
"GDRAIN6P","LRESIDENT",-0.011961650866966
"GDRAIN6P","MCH500",0.100286161536239
"GDRAIN6P","MDITCH500",0.0387701962672167
"GDRAIN6P","MDITCV10",0.0198032872946882
"GDRAIN6P","OBWP",0.0453628213306943
"GDRAIN6P","RDDEND10",-0.083082640087481
"GDRAIN6P","RDP",0.0510464276706653
"GDRAIN6P","SAGE3",0.254559544641135
"GDRAIN6P","SAGE5",-0.203153397444505
"GDRAIN6P","SAGESAN2",0.0687188185975416
"GDRAIN6P","SAGESAN4",0.121787318995173
"GDRAIN6P","SAGESAND2",0.166057606627168
"GDRAIN6P","SAGESTR4",0.0257370892402792
"GDRAIN6P","SDEN",0.0571770634489248
"GDRAIN6P","SDIASAN1",0.0535592509607909
"GDRAIN6P","SDIASAN2",0.328516587305102
"GDRAIN6P","SDIASAND3",0.188925888978126
"GDRAIN6P","SDIASTR1",0.068054648040027
"GDRAIN6P","SPAGE3",0.270365809953514
"GDRAIN6P","SPAGECOM4",-0.194848814386844
"GDRAIN6P","SPAGESAN2",0.0864856392232412
"GDRAIN6P","SPAGESTR2",0.0966078762139212
"GDRAIN6P","SPAGESTR4",0.0553127244710851
"GDRAIN6P","SPDIA3",0.0748301506716199
"GDRAIN6P","SPDIA4",0.085084237193623
"GDRAIN6P","SPDIASAN2",0.369658901000608
"GDRAIN6P","SPDIASTR5",0.149254680173895
"GDRAIN6P","SSHCTNUM",-0.415589748803061
"GDRAIN6P","T20_2000SD",-0.0757506020585688
"GDRAIN6P","WLAKCH500P",-0.0897583828818699
"GDRAIN6P","WOTHCH500P",-0.0130293801737125
"GDRAIN6P","WRIVCV20P",-0.170755734161203
"GDRAIN6P","WRIVEDH",-0.0915882981958991
"GDRAIN6P","WRIVP",-0.0320484942062917
"HSLWCH100","BLDADEN",-0.0450476241082195
"HSLWCH100","BLDDEND10",-0.0612303304535967
"HSLWCH100","GAWHC5",-0.129052479130902
"HSLWCH100","GDRAIN4MW",-0.136552904491894
"HSLWCH100","GDRAIN5I",0.0489298811007136
"HSLWCH100","GDRAIN6P",0.0210400621614658
"HSLWCH100","HSLWCH100",1
"HSLWCH100","HSLWP",0.38220726547246
"HSLWCH100","ISAPCDH",-0.0399912141850956
"HSLWCH100","ISAPCH100",0.0189852194102598
"HSLWCH100","L130",0.0649872668741992
"HSLWCH100","LRESIDENT",-0.0177105610901698
"HSLWCH100","MCH500",0.129773351742301
"HSLWCH100","MDITCH500",0.076827129988161
"HSLWCH100","MDITCV10",0.0521918438907752
"HSLWCH100","OBWP",-0.0498681219574008
"HSLWCH100","RDDEND10",-0.0675127295644715
"HSLWCH100","RDP",-0.0116146310216722
"HSLWCH100","SAGE3",-0.00600784403878736
"HSLWCH100","SAGE5",-0.077248768118098
"HSLWCH100","SAGESAN2",0.118133180090164
"HSLWCH100","SAGESAN4",-0.00562723995460038
"HSLWCH100","SAGESAND2",0.019764953649186
"HSLWCH100","SAGESTR4",-0.0378242959286671
"HSLWCH100","SDEN",-0.0550022643493317
"HSLWCH100","SDIASAN1",0.0396043405623914
"HSLWCH100","SDIASAN2",0.0314946844730979
"HSLWCH100","SDIASAND3",0.076607455378248
"HSLWCH100","SDIASTR1",0.0116172459878149
"HSLWCH100","SPAGE3",0.0150958921741184
"HSLWCH100","SPAGECOM4",-0.0838357453315174
"HSLWCH100","SPAGESAN2",0.114132612446612
"HSLWCH100","SPAGESTR2",0.0772746402508869
"HSLWCH100","SPAGESTR4",-0.033051846172163
"HSLWCH100","SPDIA3",-0.0357861077646755
"HSLWCH100","SPDIA4",-0.00844175228051613
"HSLWCH100","SPDIASAN2",0.0734445743793255
"HSLWCH100","SPDIASTR5",0.0420759390478126
"HSLWCH100","SSHCTNUM",-0.183711136043205
"HSLWCH100","T20_2000SD",-0.0607173719867545
"HSLWCH100","WLAKCH500P",-0.115992391224179
"HSLWCH100","WOTHCH500P",-0.161276137629185
"HSLWCH100","WRIVCV20P",-0.186806269847705
"HSLWCH100","WRIVEDH",-0.25710564577641
"HSLWCH100","WRIVP",0.145202896520122
"HSLWP","BLDADEN",-0.206867638865867
"HSLWP","BLDDEND10",-0.136618402810278
"HSLWP","GAWHC5",-0.146048236468401
"HSLWP","GDRAIN4MW",-0.123747290602195
"HSLWP","GDRAIN5I",0.132309638976989
"HSLWP","GDRAIN6P",-0.0350142755386876
"HSLWP","HSLWCH100",0.38220726547246
"HSLWP","HSLWP",1
"HSLWP","ISAPCDH",-0.0251631052639424
"HSLWP","ISAPCH100",-0.0117420240164402
"HSLWP","L130",0.0271346961246562
"HSLWP","LRESIDENT",-0.270820916812135
"HSLWP","MCH500",0.174865018764185
"HSLWP","MDITCH500",0.0525789001351665
"HSLWP","MDITCV10",0.0629341932882779
"HSLWP","OBWP",-0.0635628211812067
"HSLWP","RDDEND10",-0.135853169076808
"HSLWP","RDP",0.0110782049024015
"HSLWP","SAGE3",-0.068471737314329
"HSLWP","SAGE5",-0.110949334264786
"HSLWP","SAGESAN2",0.0953113503613518
"HSLWP","SAGESAN4",-0.054210847955198
"HSLWP","SAGESAND2",-0.0508634373700708
"HSLWP","SAGESTR4",-0.0542710307834716
"HSLWP","SDEN",-0.163199344677072
"HSLWP","SDIASAN1",-0.0255484795523211
"HSLWP","SDIASAN2",-0.0499062110262289
"HSLWP","SDIASAND3",0.0114773039357385
"HSLWP","SDIASTR1",-0.00501945185065797
"HSLWP","SPAGE3",-0.0568274231245674
"HSLWP","SPAGECOM4",-0.0941453935423761
"HSLWP","SPAGESAN2",0.11103558896416
"HSLWP","SPAGESTR2",0.0731938139657683
"HSLWP","SPAGESTR4",-0.0502428557446804
"HSLWP","SPDIA3",-0.0915523319644633
"HSLWP","SPDIA4",-0.0499693862942565
"HSLWP","SPDIASAN2",-0.0145111622114556
"HSLWP","SPDIASTR5",0.0238204443490157
"HSLWP","SSHCTNUM",-0.306100382831429
"HSLWP","T20_2000SD",-0.166701225136423
"HSLWP","WLAKCH500P",-0.262785852481231
"HSLWP","WOTHCH500P",-0.257210462942914
"HSLWP","WRIVCV20P",-0.219910978765682
"HSLWP","WRIVEDH",-0.298621236026016
"HSLWP","WRIVP",0.529435942324143
"ISAPCDH","BLDADEN",0.0439176262543529
"ISAPCDH","BLDDEND10",0.0317117300059566
"ISAPCDH","GAWHC5",0.225955856878737
"ISAPCDH","GDRAIN4MW",0.108014382964844
"ISAPCDH","GDRAIN5I",-0.00307765886310026
"ISAPCDH","GDRAIN6P",0.0993498713308829
"ISAPCDH","HSLWCH100",-0.0399912141850956
"ISAPCDH","HSLWP",-0.0251631052639424
"ISAPCDH","ISAPCDH",1
"ISAPCDH","ISAPCH100",-0.538514438376604
"ISAPCDH","L130",0.00474024449450968
"ISAPCDH","LRESIDENT",-0.00660715939361615
"ISAPCDH","MCH500",-0.0655254444106716
"ISAPCDH","MDITCH500",0.0229336376490749
"ISAPCDH","MDITCV10",0.0175646250392943
"ISAPCDH","OBWP",0.0447675544685378
"ISAPCDH","RDDEND10",0.0146601456949018
"ISAPCDH","RDP",-0.0264325335166755
"ISAPCDH","SAGE3",0.00232009449963019
"ISAPCDH","SAGE5",0.0211848094035708
"ISAPCDH","SAGESAN2",-0.0798888909938035
"ISAPCDH","SAGESAN4",-0.0368663395494514
"ISAPCDH","SAGESAND2",-0.0457650668162482
"ISAPCDH","SAGESTR4",-0.0271096372282372
"ISAPCDH","SDEN",0.00870561243693402
"ISAPCDH","SDIASAN1",-0.0652064032348963
"ISAPCDH","SDIASAN2",-0.0398627371781635
"ISAPCDH","SDIASAND3",-0.0984202592331773
"ISAPCDH","SDIASTR1",-0.000972013219008146
"ISAPCDH","SPAGE3",-0.0684046925354301
"ISAPCDH","SPAGECOM4",0.0469807595113073
"ISAPCDH","SPAGESAN2",-0.0635904130975993
"ISAPCDH","SPAGESTR2",0.0165760181799613
"ISAPCDH","SPAGESTR4",-0.0407121023252265
"ISAPCDH","SPDIA3",0.0302797122883665
"ISAPCDH","SPDIA4",-0.00669917537785555
"ISAPCDH","SPDIASAN2",-0.0813543360635929
"ISAPCDH","SPDIASTR5",0.000299412906997215
"ISAPCDH","SSHCTNUM",-0.0102874780977977
"ISAPCDH","T20_2000SD",0.0655198050432963
"ISAPCDH","WLAKCH500P",0.177532767201004
"ISAPCDH","WOTHCH500P",0.109017630695922
"ISAPCDH","WRIVCV20P",0.107064024192834
"ISAPCDH","WRIVEDH",0.187024457703987
"ISAPCDH","WRIVP",0.00229443834714878
"ISAPCH100","BLDADEN",-0.0131704445462547
"ISAPCH100","BLDDEND10",0.0116953048729529
"ISAPCH100","GAWHC5",-0.0381167257894852
"ISAPCH100","GDRAIN4MW",0.00661716196176894
"ISAPCH100","GDRAIN5I",-0.0102513421170109
"ISAPCH100","GDRAIN6P",-0.0439263887786937
"ISAPCH100","HSLWCH100",0.0189852194102598
"ISAPCH100","HSLWP",-0.0117420240164402
"ISAPCH100","ISAPCDH",-0.538514438376604
"ISAPCH100","ISAPCH100",1
"ISAPCH100","L130",-0.0163776500760478
"ISAPCH100","LRESIDENT",0.00345386703148466
"ISAPCH100","MCH500",-0.00771395551538169
"ISAPCH100","MDITCH500",-0.0236993141383326
"ISAPCH100","MDITCV10",-0.0165995530313649
"ISAPCH100","OBWP",-0.035564223649497
"ISAPCH100","RDDEND10",0.00480326013761179
"ISAPCH100","RDP",-0.000889238132888368
"ISAPCH100","SAGE3",0.00254442269353516
"ISAPCH100","SAGE5",-0.00106283149967458
"ISAPCH100","SAGESAN2",0.109523001359908
"ISAPCH100","SAGESAN4",0.00445561846873431
"ISAPCH100","SAGESAND2",0.0126956771036675
"ISAPCH100","SAGESTR4",0.00469343250670183
"ISAPCH100","SDEN",0.0167422368361663
"ISAPCH100","SDIASAN1",0.00328864387404942
"ISAPCH100","SDIASAN2",0.0576971030697056
"ISAPCH100","SDIASAND3",0.0362959225657403
"ISAPCH100","SDIASTR1",-0.00381537689343129
"ISAPCH100","SPAGE3",0.0221854315151953
"ISAPCH100","SPAGECOM4",-0.0304058485537715
"ISAPCH100","SPAGESAN2",0.0746716458284455
"ISAPCH100","SPAGESTR2",-0.0159747399001652
"ISAPCH100","SPAGESTR4",0.00301353539373293
"ISAPCH100","SPDIA3",-0.0231388395611756
"ISAPCH100","SPDIA4",0.0185441456552961
"ISAPCH100","SPDIASAN2",0.0628594316687855
"ISAPCH100","SPDIASTR5",0.00740992621789516
"ISAPCH100","SSHCTNUM",-0.00921372045144987
"ISAPCH100","T20_2000SD",-0.0509141403743511
"ISAPCH100","WLAKCH500P",-0.0962389773207364
"ISAPCH100","WOTHCH500P",-0.0954056449676879
"ISAPCH100","WRIVCV20P",-0.0341270591625715
"ISAPCH100","WRIVEDH",-0.0477920482316823
"ISAPCH100","WRIVP",0.000170839355175197
"L130","BLDADEN",0.0845943734505067
"L130","BLDDEND10",-0.00806171914654111
"L130","GAWHC5",0.0160132758215551
"L130","GDRAIN4MW",-0.0488906983000287
"L130","GDRAIN5I",0.0117087928273187
"L130","GDRAIN6P",0.0723956212614784
"L130","HSLWCH100",0.0649872668741992
"L130","HSLWP",0.0271346961246562
"L130","ISAPCDH",0.00474024449450968
"L130","ISAPCH100",-0.0163776500760478
"L130","L130",1
"L130","LRESIDENT",0.0529665207696561
"L130","MCH500",0.0164287441779822
"L130","MDITCH500",0.0217026055564686
"L130","MDITCV10",0.0173313203587902
"L130","OBWP",-0.0703646781920171
"L130","RDDEND10",0.0636991115846382
"L130","RDP",0.0126829522088911
"L130","SAGE3",0.0248584188796716
"L130","SAGE5",-0.00413109028267811
"L130","SAGESAN2",0.0692088715260179
"L130","SAGESAN4",-0.0459219327419937
"L130","SAGESAND2",0.0358890976469524
"L130","SAGESTR4",-0.037753865124182
"L130","SDEN",0.0017197807873645
"L130","SDIASAN1",-0.0122416505950417
"L130","SDIASAN2",0.0154636992398221
"L130","SDIASAND3",0.0969870198333538
"L130","SDIASTR1",-0.0120419568936854
"L130","SPAGE3",0.0587866765027715
"L130","SPAGECOM4",-0.0744316772354039
"L130","SPAGESAN2",0.0690085566589232
"L130","SPAGESTR2",0.0511561661579236
"L130","SPAGESTR4",-0.0402758149757646
"L130","SPDIA3",0.0119993210401578
"L130","SPDIA4",0.0189446876757657
"L130","SPDIASAN2",0.0599423665857127
"L130","SPDIASTR5",0.0522217292180848
"L130","SSHCTNUM",-0.0682231975727786
"L130","T20_2000SD",-0.100072088040467
"L130","WLAKCH500P",-0.0397861691778391
"L130","WOTHCH500P",-0.0275200720453054
"L130","WRIVCV20P",-0.0398508989341402
"L130","WRIVEDH",-0.0153647490733522
"L130","WRIVP",-0.0274686899053746
"LRESIDENT","BLDADEN",0.179697281920612
"LRESIDENT","BLDDEND10",0.0334567936787202
"LRESIDENT","GAWHC5",0.0676658492137424
"LRESIDENT","GDRAIN4MW",0.086453540614372
"LRESIDENT","GDRAIN5I",-0.0870887557568543
"LRESIDENT","GDRAIN6P",-0.011961650866966
"LRESIDENT","HSLWCH100",-0.0177105610901698
"LRESIDENT","HSLWP",-0.270820916812135
"LRESIDENT","ISAPCDH",-0.00660715939361615
"LRESIDENT","ISAPCH100",0.00345386703148466
"LRESIDENT","L130",0.0529665207696561
"LRESIDENT","LRESIDENT",1
"LRESIDENT","MCH500",-0.124280770086099
"LRESIDENT","MDITCH500",-0.00711578605554672
"LRESIDENT","MDITCV10",-0.0185684011407912
"LRESIDENT","OBWP",0.110454576687724
"LRESIDENT","RDDEND10",0.0891043412944732
"LRESIDENT","RDP",0.0626545413813632
"LRESIDENT","SAGE3",0.0997557822485099
"LRESIDENT","SAGE5",0.00449073956151645
"LRESIDENT","SAGESAN2",0.0273508886018931
"LRESIDENT","SAGESAN4",0.0358931598263547
"LRESIDENT","SAGESAND2",0.0418786030112318
"LRESIDENT","SAGESTR4",0.0245940420030393
"LRESIDENT","SDEN",0.131428544556379
"LRESIDENT","SDIASAN1",0.0176716807590797
"LRESIDENT","SDIASAN2",0.110111888015249
"LRESIDENT","SDIASAND3",0.0446415370648513
"LRESIDENT","SDIASTR1",-0.0123549043404971
"LRESIDENT","SPAGE3",0.103590062637802
"LRESIDENT","SPAGECOM4",0.0641866827749044
"LRESIDENT","SPAGESAN2",0.0287255100457482
"LRESIDENT","SPAGESTR2",0.0440287168537151
"LRESIDENT","SPAGESTR4",0.0376832319564641
"LRESIDENT","SPDIA3",0.141704171088434
"LRESIDENT","SPDIA4",0.0982074369107104
"LRESIDENT","SPDIASAN2",0.128928944729541
"LRESIDENT","SPDIASTR5",0.0357351929442338
"LRESIDENT","SSHCTNUM",0.161730953815592
"LRESIDENT","T20_2000SD",0.112043593399691
"LRESIDENT","WLAKCH500P",0.191377790312942
"LRESIDENT","WOTHCH500P",0.170707494481957
"LRESIDENT","WRIVCV20P",0.128707241483983
"LRESIDENT","WRIVEDH",0.149708555635027
"LRESIDENT","WRIVP",-0.313593948661878
"MCH500","BLDADEN",-0.195214831848589
"MCH500","BLDDEND10",-0.141539779308075
"MCH500","GAWHC5",-0.235818534234832
"MCH500","GDRAIN4MW",-0.300206009062495
"MCH500","GDRAIN5I",0.0883897695524387
"MCH500","GDRAIN6P",0.100286161536239
"MCH500","HSLWCH100",0.129773351742301
"MCH500","HSLWP",0.174865018764185
"MCH500","ISAPCDH",-0.0655254444106716
"MCH500","ISAPCH100",-0.00771395551538169
"MCH500","L130",0.0164287441779822
"MCH500","LRESIDENT",-0.124280770086099
"MCH500","MCH500",1
"MCH500","MDITCH500",0.486663390837744
"MCH500","MDITCV10",0.34955677013737
"MCH500","OBWP",-0.0686739708423789
"MCH500","RDDEND10",-0.123294891786222
"MCH500","RDP",-0.0136961900656235
"MCH500","SAGE3",-0.0465197454218262
"MCH500","SAGE5",-0.140349836845509
"MCH500","SAGESAN2",0.0880159105846368
"MCH500","SAGESAN4",0.00219849525728256
"MCH500","SAGESAND2",0.0215660205882136
"MCH500","SAGESTR4",-0.00851486715888041
"MCH500","SDEN",-0.149577575331552
"MCH500","SDIASAN1",0.072036894396529
"MCH500","SDIASAN2",0.00912061430262835
"MCH500","SDIASAND3",0.041245865645448
"MCH500","SDIASTR1",0.0557591907287839
"MCH500","SPAGE3",-0.0140938551181873
"MCH500","SPAGECOM4",-0.089093578720064
"MCH500","SPAGESAN2",0.0892936616458685
"MCH500","SPAGESTR2",0.0465398722847255
"MCH500","SPAGESTR4",0.000229273567949629
"MCH500","SPDIA3",-0.0777251990001229
"MCH500","SPDIA4",-0.0612221334845851
"MCH500","SPDIASAN2",0.0515765201658486
"MCH500","SPDIASTR5",-0.0223234848172449
"MCH500","SSHCTNUM",-0.282740462733444
"MCH500","T20_2000SD",-0.109379913560031
"MCH500","WLAKCH500P",-0.35526672581005
"MCH500","WOTHCH500P",-0.355646986539349
"MCH500","WRIVCV20P",-0.442660296218813
"MCH500","WRIVEDH",-0.386572642776173
"MCH500","WRIVP",0.179801699635679
"MDITCH500","BLDADEN",-0.0458038116554102
"MDITCH500","BLDDEND10",-0.0713580012487261
"MDITCH500","GAWHC5",-0.154147089377692
"MDITCH500","GDRAIN4MW",-0.160326138535743
"MDITCH500","GDRAIN5I",-0.00264005248161491
"MDITCH500","GDRAIN6P",0.0387701962672167
"MDITCH500","HSLWCH100",0.076827129988161
"MDITCH500","HSLWP",0.0525789001351665
"MDITCH500","ISAPCDH",0.0229336376490749
"MDITCH500","ISAPCH100",-0.0236993141383326
"MDITCH500","L130",0.0217026055564686
"MDITCH500","LRESIDENT",-0.00711578605554672
"MDITCH500","MCH500",0.486663390837744
"MDITCH500","MDITCH500",1
"MDITCH500","MDITCV10",0.700423351261286
"MDITCH500","OBWP",-0.0131030880521336
"MDITCH500","RDDEND10",-0.034077365189722
"MDITCH500","RDP",0.0208947718815092
"MDITCH500","SAGE3",0.0316453021920992
"MDITCH500","SAGE5",-0.087311749343513
"MDITCH500","SAGESAN2",0.0808342165508068
"MDITCH500","SAGESAN4",0.0233187427123465
"MDITCH500","SAGESAND2",0.0240055591954108
"MDITCH500","SAGESTR4",0.0350401300165338
"MDITCH500","SDEN",-0.0109962604388307
"MDITCH500","SDIASAN1",-0.0194723578480213
"MDITCH500","SDIASAN2",0.0632003505530719
"MDITCH500","SDIASAND3",0.0865540402889383
"MDITCH500","SDIASTR1",0.00400529697358893
"MDITCH500","SPAGE3",0.0388351598794126
"MDITCH500","SPAGECOM4",-0.0116612490996137
"MDITCH500","SPAGESAN2",0.0765640305430307
"MDITCH500","SPAGESTR2",0.0449340980194007
"MDITCH500","SPAGESTR4",0.0374016084617606
"MDITCH500","SPDIA3",0.0350320332619607
"MDITCH500","SPDIA4",0.0168213252669877
"MDITCH500","SPDIASAN2",0.10177935198845
"MDITCH500","SPDIASTR5",0.0278228079265873
"MDITCH500","SSHCTNUM",-0.0556615810297042
"MDITCH500","T20_2000SD",0.00698491874306308
"MDITCH500","WLAKCH500P",-0.150682340175826
"MDITCH500","WOTHCH500P",-0.175903999647837
"MDITCH500","WRIVCV20P",-0.216005420460363
"MDITCH500","WRIVEDH",-0.15513696044054
"MDITCH500","WRIVP",0.0295286895339969
"MDITCV10","BLDADEN",-0.0328003833209554
"MDITCV10","BLDDEND10",-0.0565642111565132
"MDITCV10","GAWHC5",-0.149611601738627
"MDITCV10","GDRAIN4MW",-0.142812869704546
"MDITCV10","GDRAIN5I",0.00564048858042395
"MDITCV10","GDRAIN6P",0.0198032872946882
"MDITCV10","HSLWCH100",0.0521918438907752
"MDITCV10","HSLWP",0.0629341932882779
"MDITCV10","ISAPCDH",0.0175646250392943
"MDITCV10","ISAPCH100",-0.0165995530313649
"MDITCV10","L130",0.0173313203587902
"MDITCV10","LRESIDENT",-0.0185684011407912
"MDITCV10","MCH500",0.34955677013737
"MDITCV10","MDITCH500",0.700423351261286
"MDITCV10","MDITCV10",1
"MDITCV10","OBWP",-0.033756793769395
"MDITCV10","RDDEND10",-0.0244122402740149
"MDITCV10","RDP",0.0184266186241065
"MDITCV10","SAGE3",0.00677913067333562
"MDITCV10","SAGE5",-0.0576143046464221
"MDITCV10","SAGESAN2",0.107636306524002
"MDITCV10","SAGESAN4",-0.0095603538390107
"MDITCV10","SAGESAND2",0.00558426769814245
"MDITCV10","SAGESTR4",-0.000751548264573044
"MDITCV10","SDEN",-0.0158549800599928
"MDITCV10","SDIASAN1",-0.00188916427678716
"MDITCV10","SDIASAN2",0.0391741581087885
"MDITCV10","SDIASAND3",0.0601015938395072
"MDITCV10","SDIASTR1",-0.00834292156430226
"MDITCV10","SPAGE3",0.0198067676486758
"MDITCV10","SPAGECOM4",-0.0280852940981973
"MDITCV10","SPAGESAN2",0.109161486954559
"MDITCV10","SPAGESTR2",0.0664687898910869
"MDITCV10","SPAGESTR4",-0.0095475089235833
"MDITCV10","SPDIA3",0.0227357856301942
"MDITCV10","SPDIA4",0.0109285246410304
"MDITCV10","SPDIASAN2",0.0689598868845001
"MDITCV10","SPDIASTR5",0.0191752629622517
"MDITCV10","SSHCTNUM",-0.0695067727360398
"MDITCV10","T20_2000SD",-0.00863912778287113
"MDITCV10","WLAKCH500P",-0.11811512705223
"MDITCV10","WOTHCH500P",-0.123527347242807
"MDITCV10","WRIVCV20P",-0.167033423276508
"MDITCV10","WRIVEDH",-0.114351793991685
"MDITCV10","WRIVP",0.0220130129166081
"OBWP","BLDADEN",0.0588377661114509
"OBWP","BLDDEND10",-0.140128284247411
"OBWP","GAWHC5",0.200392752077058
"OBWP","GDRAIN4MW",0.127837614399434
"OBWP","GDRAIN5I",0.0110181003256403
"OBWP","GDRAIN6P",0.0453628213306943
"OBWP","HSLWCH100",-0.0498681219574008
"OBWP","HSLWP",-0.0635628211812067
"OBWP","ISAPCDH",0.0447675544685378
"OBWP","ISAPCH100",-0.035564223649497
"OBWP","L130",-0.0703646781920171
"OBWP","LRESIDENT",0.110454576687724
"OBWP","MCH500",-0.0686739708423789
"OBWP","MDITCH500",-0.0131030880521336
"OBWP","MDITCV10",-0.033756793769395
"OBWP","OBWP",1
"OBWP","RDDEND10",0.0639375824619422
"OBWP","RDP",0.121039512064562
"OBWP","SAGE3",-0.028286823316271
"OBWP","SAGE5",0.0311436541076407
"OBWP","SAGESAN2",0.0290492139038303
"OBWP","SAGESAN4",0.0220862153236778
"OBWP","SAGESAND2",-0.0192758499801127
"OBWP","SAGESTR4",0.0219335976953223
"OBWP","SDEN",0.0513410866127573
"OBWP","SDIASAN1",-0.0293208730711646
"OBWP","SDIASAN2",0.0101556470446153
"OBWP","SDIASAND3",-0.0287827614973351
"OBWP","SDIASTR1",0.0144476060760829
"OBWP","SPAGE3",-0.0453732206910341
"OBWP","SPAGECOM4",0.12940867339689
"OBWP","SPAGESAN2",0.0431863574703393
"OBWP","SPAGESTR2",0.0753542767714519
"OBWP","SPAGESTR4",0.0481321535863205
"OBWP","SPDIA3",0.162348746333518
"OBWP","SPDIA4",0.143037991698773
"OBWP","SPDIASAN2",0.010996797995014
"OBWP","SPDIASTR5",0.0287267851281731
"OBWP","SSHCTNUM",0.109578095224553
"OBWP","T20_2000SD",-0.032913859628188
"OBWP","WLAKCH500P",0.114331575933374
"OBWP","WOTHCH500P",0.161857909143297
"OBWP","WRIVCV20P",0.103258239946097
"OBWP","WRIVEDH",0.14237739018433
"OBWP","WRIVP",-0.0809894722344243
"RDDEND10","BLDADEN",0.0881229293917989
"RDDEND10","BLDDEND10",0.12789290532007
"RDDEND10","GAWHC5",0.147952549542056
"RDDEND10","GDRAIN4MW",0.21033044690926
"RDDEND10","GDRAIN5I",-0.078912939857624
"RDDEND10","GDRAIN6P",-0.083082640087481
"RDDEND10","HSLWCH100",-0.0675127295644715
"RDDEND10","HSLWP",-0.135853169076808
"RDDEND10","ISAPCDH",0.0146601456949018
"RDDEND10","ISAPCH100",0.00480326013761179
"RDDEND10","L130",0.0636991115846382
"RDDEND10","LRESIDENT",0.0891043412944732
"RDDEND10","MCH500",-0.123294891786222
"RDDEND10","MDITCH500",-0.034077365189722
"RDDEND10","MDITCV10",-0.0244122402740149
"RDDEND10","OBWP",0.0639375824619422
"RDDEND10","RDDEND10",1
"RDDEND10","RDP",0.290281171149434
"RDDEND10","SAGE3",0.17264469839619
"RDDEND10","SAGE5",0.37780782297867
"RDDEND10","SAGESAN2",0.0618711467541005
"RDDEND10","SAGESAN4",0.0727073930173223
"RDDEND10","SAGESAND2",0.00641613340270367
"RDDEND10","SAGESTR4",0.0899430281805667
"RDDEND10","SDEN",0.571121185948726
"RDDEND10","SDIASAN1",0.0579316306280704
"RDDEND10","SDIASAN2",0.171166171902712
"RDDEND10","SDIASAND3",0.0249802970905467
"RDDEND10","SDIASTR1",0.0120405570312353
"RDDEND10","SPAGE3",-0.0229240057995959
"RDDEND10","SPAGECOM4",0.0986223807956774
"RDDEND10","SPAGESAN2",-0.0273482476704189
"RDDEND10","SPAGESTR2",0.0222141066351298
"RDDEND10","SPAGESTR4",0.0214525831017662
"RDDEND10","SPDIA3",0.199799764388374
"RDDEND10","SPDIA4",0.16457527237178
"RDDEND10","SPDIASAN2",-0.0350633609551036
"RDDEND10","SPDIASTR5",0.0703682485527511
"RDDEND10","SSHCTNUM",0.279596010658714
"RDDEND10","T20_2000SD",0.107753806485037
"RDDEND10","WLAKCH500P",0.195420231325044
"RDDEND10","WOTHCH500P",0.145596557378616
"RDDEND10","WRIVCV20P",0.171267443172506
"RDDEND10","WRIVEDH",0.210644104237187
"RDDEND10","WRIVP",-0.166521786461626
"RDP","BLDADEN",-0.191408041313893
"RDP","BLDDEND10",-0.446504563701305
"RDP","GAWHC5",-0.0394538502024349
"RDP","GDRAIN4MW",-0.0545591920348264
"RDP","GDRAIN5I",-0.0893418599495848
"RDP","GDRAIN6P",0.0510464276706653
"RDP","HSLWCH100",-0.0116146310216722
"RDP","HSLWP",0.0110782049024015
"RDP","ISAPCDH",-0.0264325335166755
"RDP","ISAPCH100",-0.000889238132888368
"RDP","L130",0.0126829522088911
"RDP","LRESIDENT",0.0626545413813632
"RDP","MCH500",-0.0136961900656235
"RDP","MDITCH500",0.0208947718815092
"RDP","MDITCV10",0.0184266186241065
"RDP","OBWP",0.121039512064562
"RDP","RDDEND10",0.290281171149434
"RDP","RDP",1
"RDP","SAGE3",0.176878620768057
"RDP","SAGE5",0.112304914983536
"RDP","SAGESAN2",0.0672702346328874
"RDP","SAGESAN4",0.0807697803240305
"RDP","SAGESAND2",0.11382706851663
"RDP","SAGESTR4",0.0730866911820438
"RDP","SDEN",0.334615135542828
"RDP","SDIASAN1",0.061327045576271
"RDP","SDIASAN2",0.200400509636955
"RDP","SDIASAND3",0.19333797172051
"RDP","SDIASTR1",0.0175908728450592
"RDP","SPAGE3",0.231450333117996
"RDP","SPAGECOM4",0.113371368799238
"RDP","SPAGESAN2",0.0910136759570154
"RDP","SPAGESTR2",0.110106611054979
"RDP","SPAGESTR4",0.0978750623395736
"RDP","SPDIA3",0.326029710092353
"RDP","SPDIA4",0.240376064240997
"RDP","SPDIASAN2",0.255841896365859
"RDP","SPDIASTR5",0.123131268399114
"RDP","SSHCTNUM",-0.0283507041106174
"RDP","T20_2000SD",0.0322609724244439
"RDP","WLAKCH500P",0.0334425428843707
"RDP","WOTHCH500P",0.0269338566031962
"RDP","WRIVCV20P",-0.00990132060660205
"RDP","WRIVEDH",0.00157439604478842
"RDP","WRIVP",-0.0132414096354065
"SAGE3","BLDADEN",0.0527092553434474
"SAGE3","BLDDEND10",-0.0493948325003727
"SAGE3","GAWHC5",0.0168023506706708
"SAGE3","GDRAIN4MW",-0.179188408490087
"SAGE3","GDRAIN5I",-0.071255352317763
"SAGE3","GDRAIN6P",0.254559544641135
"SAGE3","HSLWCH100",-0.00600784403878736
"SAGE3","HSLWP",-0.068471737314329
"SAGE3","ISAPCDH",0.00232009449963019
"SAGE3","ISAPCH100",0.00254442269353516
"SAGE3","L130",0.0248584188796716
"SAGE3","LRESIDENT",0.0997557822485099
"SAGE3","MCH500",-0.0465197454218262
"SAGE3","MDITCH500",0.0316453021920992
"SAGE3","MDITCV10",0.00677913067333562
"SAGE3","OBWP",-0.028286823316271
"SAGE3","RDDEND10",0.17264469839619
"SAGE3","RDP",0.176878620768057
"SAGE3","SAGE3",1
"SAGE3","SAGE5",-0.219183445206177
"SAGE3","SAGESAN2",-0.118252488683399
"SAGE3","SAGESAN4",-0.108526280183865
"SAGE3","SAGESAND2",0.155581144096051
"SAGE3","SAGESTR4",-0.0979438670779062
"SAGE3","SDEN",0.480240781322451
"SAGE3","SDIASAN1",-0.0206311228181168
"SAGE3","SDIASAN2",0.653875739035132
"SAGE3","SDIASAND3",0.352538027335447
"SAGE3","SDIASTR1",-0.0290971219662042
"SAGE3","SPAGE3",0.72014563675206
"SAGE3","SPAGECOM4",-0.195410930561555
"SAGE3","SPAGESAN2",-0.103147856409469
"SAGE3","SPAGESTR2",-0.137243424924611
"SAGE3","SPAGESTR4",-0.0963322436887527
"SAGE3","SPDIA3",0.220032543031934
"SAGE3","SPDIA4",0.199440694215877
"SAGE3","SPDIASAN2",0.519599659686204
"SAGE3","SPDIASTR5",0.226405804896089
"SAGE3","SSHCTNUM",-0.212844750239136
"SAGE3","T20_2000SD",-0.119074276941637
"SAGE3","WLAKCH500P",0.0695341585122333
"SAGE3","WOTHCH500P",0.0310863979170784
"SAGE3","WRIVCV20P",0.0032547998929289
"SAGE3","WRIVEDH",0.0360252412214125
"SAGE3","WRIVP",-0.107794404137191
"SAGE5","BLDADEN",0.176588145540133
"SAGE5","BLDDEND10",0.285127173674765
"SAGE5","GAWHC5",0.138442855862153
"SAGE5","GDRAIN4MW",0.29426786071755
"SAGE5","GDRAIN5I",-0.0485460476864887
"SAGE5","GDRAIN6P",-0.203153397444505
"SAGE5","HSLWCH100",-0.077248768118098
"SAGE5","HSLWP",-0.110949334264786
"SAGE5","ISAPCDH",0.0211848094035708
"SAGE5","ISAPCH100",-0.00106283149967458
"SAGE5","L130",-0.00413109028267811
"SAGE5","LRESIDENT",0.00449073956151645
"SAGE5","MCH500",-0.140349836845509
"SAGE5","MDITCH500",-0.087311749343513
"SAGE5","MDITCV10",-0.0576143046464221
"SAGE5","OBWP",0.0311436541076407
"SAGE5","RDDEND10",0.37780782297867
"SAGE5","RDP",0.112304914983536
"SAGE5","SAGE3",-0.219183445206177
"SAGE5","SAGE5",1
"SAGE5","SAGESAN2",-0.0781184968973968
"SAGE5","SAGESAN4",-0.108535423728892
"SAGE5","SAGESAND2",-0.0137316778406988
"SAGE5","SAGESTR4",-0.0836931613222229
"SAGE5","SDEN",0.520534257214167
"SAGE5","SDIASAN1",0.0537902801123611
"SAGE5","SDIASAN2",-0.233115744720594
"SAGE5","SDIASAND3",-0.105040870726444
"SAGE5","SDIASTR1",0.00747350401896535
"SAGE5","SPAGE3",-0.258213547242606
"SAGE5","SPAGECOM4",-0.0913081610307716
"SAGE5","SPAGESAN2",-0.0980464933245091
"SAGE5","SPAGESTR2",-0.0785188840890868
"SAGE5","SPAGESTR4",-0.0980029775666394
"SAGE5","SPDIA3",0.049052816318039
"SAGE5","SPDIA4",0.0489684385923247
"SAGE5","SPDIASAN2",-0.311014761772757
"SAGE5","SPDIASTR5",-0.0585020489839411
"SAGE5","SSHCTNUM",0.455971323313273
"SAGE5","T20_2000SD",0.175259954567585
"SAGE5","WLAKCH500P",0.219965799412873
"SAGE5","WOTHCH500P",0.157295429538708
"SAGE5","WRIVCV20P",0.201004683986088
"SAGE5","WRIVEDH",0.210385064745832
"SAGE5","WRIVP",-0.0932931093006927
"SAGESAN2","BLDADEN",0.040072444545879
"SAGESAN2","BLDDEND10",-0.0497708261707622
"SAGESAN2","GAWHC5",-0.0502617712250173
"SAGESAN2","GDRAIN4MW",-0.114623374485713
"SAGESAN2","GDRAIN5I",0.0696674287102458
"SAGESAN2","GDRAIN6P",0.0687188185975416
"SAGESAN2","HSLWCH100",0.118133180090164
"SAGESAN2","HSLWP",0.0953113503613518
"SAGESAN2","ISAPCDH",-0.0798888909938035
"SAGESAN2","ISAPCH100",0.109523001359908
"SAGESAN2","L130",0.0692088715260179
"SAGESAN2","LRESIDENT",0.0273508886018931
"SAGESAN2","MCH500",0.0880159105846368
"SAGESAN2","MDITCH500",0.0808342165508068
"SAGESAN2","MDITCV10",0.107636306524002
"SAGESAN2","OBWP",0.0290492139038303
"SAGESAN2","RDDEND10",0.0618711467541005
"SAGESAN2","RDP",0.0672702346328874
"SAGESAN2","SAGE3",-0.118252488683399
"SAGESAN2","SAGE5",-0.0781184968973968
"SAGESAN2","SAGESAN2",1
"SAGESAN2","SAGESAN4",-0.0497952072922449
"SAGESAN2","SAGESAND2",-0.0284041662529541
"SAGESAN2","SAGESTR4",-0.0407898770217493
"SAGESAN2","SDEN",0.160440018981182
"SAGESAN2","SDIASAN1",0.0185980139351091
"SAGESAN2","SDIASAN2",0.278355121456996
"SAGESAN2","SDIASAND3",0.155330341484996
"SAGESAN2","SDIASTR1",-0.00496822770061401
"SAGESAN2","SPAGE3",-0.0975182023058142
"SAGESAN2","SPAGECOM4",-0.0935328922359499
"SAGESAN2","SPAGESAN2",0.767333242803427
"SAGESAN2","SPAGESTR2",0.52144296373671
"SAGESAN2","SPAGESTR4",-0.0532537527262008
"SAGESAN2","SPDIA3",0.128512438745697
"SAGESAN2","SPDIA4",0.113634387819465
"SAGESAN2","SPDIASAN2",0.249466112376792
"SAGESAN2","SPDIASTR5",0.107831641330372
"SAGESAN2","SSHCTNUM",-0.166688668572609
"SAGESAN2","T20_2000SD",-0.121347768061238
"SAGESAN2","WLAKCH500P",-0.171494830327752
"SAGESAN2","WOTHCH500P",-0.0897626050747936
"SAGESAN2","WRIVCV20P",-0.0842825273008906
"SAGESAN2","WRIVEDH",-0.0432954649957762
"SAGESAN2","WRIVP",-0.0301428763051603
"SAGESAN4","BLDADEN",-0.0868610448873229
"SAGESAN4","BLDDEND10",-0.040296322961615
"SAGESAN4","GAWHC5",0.0265710098525267
"SAGESAN4","GDRAIN4MW",-0.0709668808542633
"SAGESAN4","GDRAIN5I",-0.0308237666278024
"SAGESAN4","GDRAIN6P",0.121787318995173
"SAGESAN4","HSLWCH100",-0.00562723995460038
"SAGESAN4","HSLWP",-0.054210847955198
"SAGESAN4","ISAPCDH",-0.0368663395494514
"SAGESAN4","ISAPCH100",0.00445561846873431
"SAGESAN4","L130",-0.0459219327419937
"SAGESAN4","LRESIDENT",0.0358931598263547
"SAGESAN4","MCH500",0.00219849525728256
"SAGESAN4","MDITCH500",0.0233187427123465
"SAGESAN4","MDITCV10",-0.0095603538390107
"SAGESAN4","OBWP",0.0220862153236778
"SAGESAN4","RDDEND10",0.0727073930173223
"SAGESAN4","RDP",0.0807697803240305
"SAGESAN4","SAGE3",-0.108526280183865
"SAGESAN4","SAGE5",-0.108535423728892
"SAGESAN4","SAGESAN2",-0.0497952072922449
"SAGESAN4","SAGESAN4",1
"SAGESAN4","SAGESAND2",0.209317699422255
"SAGESAN4","SAGESTR4",0.673153454092453
"SAGESAN4","SDEN",0.158660465557672
"SAGESAN4","SDIASAN1",0.198849928208966
"SAGESAN4","SDIASAN2",0.252108032078956
"SAGESAN4","SDIASAND3",0.163730860740429
"SAGESAN4","SDIASTR1",0.125020579171629
"SAGESAN4","SPAGE3",-0.0653020083631124
"SAGESAN4","SPAGECOM4",-0.0985860331738353
"SAGESAN4","SPAGESAN2",-0.0349472765162752
"SAGESAN4","SPAGESTR2",0.0502133103632679
"SAGESAN4","SPAGESTR4",0.551374304438966
"SAGESAN4","SPDIA3",0.0533521321530164
"SAGESAN4","SPDIA4",0.0457496644795037
"SAGESAN4","SPDIASAN2",0.236428421869615
"SAGESAN4","SPDIASTR5",0.0514940904099619
"SAGESAN4","SSHCTNUM",-0.0429090032665578
"SAGESAN4","T20_2000SD",0.0930737122173288
"SAGESAN4","WLAKCH500P",0.00685825417117097
"SAGESAN4","WOTHCH500P",0.0682659540146864
"SAGESAN4","WRIVCV20P",-0.0423583417856597
"SAGESAN4","WRIVEDH",-0.0571889450275345
"SAGESAN4","WRIVP",-0.0411385608923843
"SAGESAND2","BLDADEN",-0.0309810909152375
"SAGESAND2","BLDDEND10",-0.0857648793305397
"SAGESAND2","GAWHC5",-0.0603934458598942
"SAGESAND2","GDRAIN4MW",-0.176851790438934
"SAGESAND2","GDRAIN5I",-0.0454228036233937
"SAGESAND2","GDRAIN6P",0.166057606627168
"SAGESAND2","HSLWCH100",0.019764953649186
"SAGESAND2","HSLWP",-0.0508634373700708
"SAGESAND2","ISAPCDH",-0.0457650668162482
"SAGESAND2","ISAPCH100",0.0126956771036675
"SAGESAND2","L130",0.0358890976469524
"SAGESAND2","LRESIDENT",0.0418786030112318
"SAGESAND2","MCH500",0.0215660205882136
"SAGESAND2","MDITCH500",0.0240055591954108
"SAGESAND2","MDITCV10",0.00558426769814245
"SAGESAND2","OBWP",-0.0192758499801127
"SAGESAND2","RDDEND10",0.00641613340270367
"SAGESAND2","RDP",0.11382706851663
"SAGESAND2","SAGE3",0.155581144096051
"SAGESAND2","SAGE5",-0.0137316778406988
"SAGESAND2","SAGESAN2",-0.0284041662529541
"SAGESAND2","SAGESAN4",0.209317699422255
"SAGESAND2","SAGESAND2",1
"SAGESAND2","SAGESTR4",0.132888986719582
"SAGESAND2","SDEN",0.13919757472139
"SAGESAND2","SDIASAN1",0.19006221716151
"SAGESAND2","SDIASAN2",0.265970854009203
"SAGESAND2","SDIASAND3",0.329215721604945
"SAGESAND2","SDIASTR1",0.0541173672137247
"SAGESAND2","SPAGE3",0.211613997392342
"SAGESAND2","SPAGECOM4",-0.16400900168185
"SAGESAND2","SPAGESAN2",-0.00581413316171663
"SAGESAND2","SPAGESTR2",0.0103539038460947
"SAGESAND2","SPAGESTR4",0.157551689690873
"SAGESAND2","SPDIA3",0.0800625370120145
"SAGESAND2","SPDIA4",0.0728154274466956
"SAGESAND2","SPDIASAN2",0.349814954492741
"SAGESAND2","SPDIASTR5",0.0801567511360728
"SAGESAND2","SSHCTNUM",-0.113998225471897
"SAGESAND2","T20_2000SD",0.0163210744918944
"SAGESAND2","WLAKCH500P",0.0381569221177622
"SAGESAND2","WOTHCH500P",0.0391420270161896
"SAGESAND2","WRIVCV20P",-0.0753472376571615
"SAGESAND2","WRIVEDH",-0.0696467114877719
"SAGESAND2","WRIVP",-0.0526875307883689
"SAGESTR4","BLDADEN",-0.0744791726056973
"SAGESTR4","BLDDEND10",-0.0371498516803146
"SAGESTR4","GAWHC5",0.0598665027189587
"SAGESTR4","GDRAIN4MW",0.0351163149305653
"SAGESTR4","GDRAIN5I",-0.0270470969853964
"SAGESTR4","GDRAIN6P",0.0257370892402792
"SAGESTR4","HSLWCH100",-0.0378242959286671
"SAGESTR4","HSLWP",-0.0542710307834716
"SAGESTR4","ISAPCDH",-0.0271096372282372
"SAGESTR4","ISAPCH100",0.00469343250670183
"SAGESTR4","L130",-0.037753865124182
"SAGESTR4","LRESIDENT",0.0245940420030393
"SAGESTR4","MCH500",-0.00851486715888041
"SAGESTR4","MDITCH500",0.0350401300165338
"SAGESTR4","MDITCV10",-0.000751548264573044
"SAGESTR4","OBWP",0.0219335976953223
"SAGESTR4","RDDEND10",0.0899430281805667
"SAGESTR4","RDP",0.0730866911820438
"SAGESTR4","SAGE3",-0.0979438670779062
"SAGESTR4","SAGE5",-0.0836931613222229
"SAGESTR4","SAGESAN2",-0.0407898770217493
"SAGESTR4","SAGESAN4",0.673153454092453
"SAGESTR4","SAGESAND2",0.132888986719582
"SAGESTR4","SAGESTR4",1
"SAGESTR4","SDEN",0.179583862695497
"SAGESTR4","SDIASAN1",0.0379318906974458
"SAGESTR4","SDIASAN2",0.195414205389601
"SAGESTR4","SDIASAND3",0.0995458478868617
"SAGESTR4","SDIASTR1",0.17873129366981
"SAGESTR4","SPAGE3",-0.0733313444359372
"SAGESTR4","SPAGECOM4",-0.00698703956371785
"SAGESTR4","SPAGESAN2",-0.0387165060654686
"SAGESTR4","SPAGESTR2",-0.0478488216141823
"SAGESTR4","SPAGESTR4",0.741991615957031
"SAGESTR4","SPDIA3",0.0679787365350327
"SAGESTR4","SPDIA4",0.080539672324183
"SAGESTR4","SPDIASAN2",0.160533410233692
"SAGESTR4","SPDIASTR5",0.0986172208407873
"SAGESTR4","SSHCTNUM",-0.00234338306791922
"SAGESTR4","T20_2000SD",0.0567060465955204
"SAGESTR4","WLAKCH500P",0.0290125070755998
"SAGESTR4","WOTHCH500P",0.0655240689564585
"SAGESTR4","WRIVCV20P",0.00882304379342377
"SAGESTR4","WRIVEDH",0.00609962641741017
"SAGESTR4","WRIVP",-0.0432284984934875
"SDEN","BLDADEN",0.138766377464635
"SDEN","BLDDEND10",0.154983059570263
"SDEN","GAWHC5",0.17669274519278
"SDEN","GDRAIN4MW",0.123888932364309
"SDEN","GDRAIN5I",-0.100664127616368
"SDEN","GDRAIN6P",0.0571770634489248
"SDEN","HSLWCH100",-0.0550022643493317
"SDEN","HSLWP",-0.163199344677072
"SDEN","ISAPCDH",0.00870561243693402
"SDEN","ISAPCH100",0.0167422368361663
"SDEN","L130",0.0017197807873645
"SDEN","LRESIDENT",0.131428544556379
"SDEN","MCH500",-0.149577575331552
"SDEN","MDITCH500",-0.0109962604388307
"SDEN","MDITCV10",-0.0158549800599928
"SDEN","OBWP",0.0513410866127573
"SDEN","RDDEND10",0.571121185948726
"SDEN","RDP",0.334615135542828
"SDEN","SAGE3",0.480240781322451
"SDEN","SAGE5",0.520534257214167
"SDEN","SAGESAN2",0.160440018981182
"SDEN","SAGESAN4",0.158660465557672
"SDEN","SAGESAND2",0.13919757472139
"SDEN","SAGESTR4",0.179583862695497
"SDEN","SDEN",1
"SDEN","SDIASAN1",0.0834617414375995
"SDEN","SDIASAN2",0.464846372753189
"SDEN","SDIASAND3",0.249527687444318
"SDEN","SDIASTR1",0.0365729102121387
"SDEN","SPAGE3",0.244187488400384
"SDEN","SPAGECOM4",-0.0253525828305524
"SDEN","SPAGESAN2",0.0776680462780112
"SDEN","SPAGESTR2",0.12182466650698
"SDEN","SPAGESTR4",0.0953437813148871
"SDEN","SPDIA3",0.352401253881372
"SDEN","SPDIA4",0.335270235763579
"SDEN","SPDIASAN2",0.256038404558797
"SDEN","SPDIASTR5",0.211711750503224
"SDEN","SSHCTNUM",0.21794908749786
"SDEN","T20_2000SD",0.0844613489500007
"SDEN","WLAKCH500P",0.227835785071401
"SDEN","WOTHCH500P",0.199019186269813
"SDEN","WRIVCV20P",0.184206400929958
"SDEN","WRIVEDH",0.234277344460944
"SDEN","WRIVP",-0.220246538827212
"SDIASAN1","BLDADEN",-0.0517975236225344
"SDIASAN1","BLDDEND10",-0.000345416265527055
"SDIASAN1","GAWHC5",-0.227323363597499
"SDIASAN1","GDRAIN4MW",-0.229605593632
"SDIASAN1","GDRAIN5I",-0.02069336137693
"SDIASAN1","GDRAIN6P",0.0535592509607909
"SDIASAN1","HSLWCH100",0.0396043405623914
"SDIASAN1","HSLWP",-0.0255484795523211
"SDIASAN1","ISAPCDH",-0.0652064032348963
"SDIASAN1","ISAPCH100",0.00328864387404942
"SDIASAN1","L130",-0.0122416505950417
"SDIASAN1","LRESIDENT",0.0176716807590797
"SDIASAN1","MCH500",0.072036894396529
"SDIASAN1","MDITCH500",-0.0194723578480213
"SDIASAN1","MDITCV10",-0.00188916427678716
"SDIASAN1","OBWP",-0.0293208730711646
"SDIASAN1","RDDEND10",0.0579316306280704
"SDIASAN1","RDP",0.061327045576271
"SDIASAN1","SAGE3",-0.0206311228181168
"SDIASAN1","SAGE5",0.0537902801123611
"SDIASAN1","SAGESAN2",0.0185980139351091
"SDIASAN1","SAGESAN4",0.198849928208966
"SDIASAN1","SAGESAND2",0.19006221716151
"SDIASAN1","SAGESTR4",0.0379318906974458
"SDIASAN1","SDEN",0.0834617414375995
"SDIASAN1","SDIASAN1",1
"SDIASAN1","SDIASAN2",-0.0629608085367656
"SDIASAN1","SDIASAND3",0.0641494495349679
"SDIASAN1","SDIASTR1",0.114426414075756
"SDIASAN1","SPAGE3",0.0118190787272309
"SDIASAN1","SPAGECOM4",-0.0795402916526294
"SDIASAN1","SPAGESAN2",0.00997164499536502
"SDIASAN1","SPAGESTR2",0.0593355964696638
"SDIASAN1","SPAGESTR4",0.0544187084841055
"SDIASAN1","SPDIA3",-0.0411030409974774
"SDIASAN1","SPDIA4",-0.0704894604433444
"SDIASAN1","SPDIASAN2",0.000516038570726641
"SDIASAN1","SPDIASTR5",-0.0261073570852209
"SDIASAN1","SSHCTNUM",-0.0471499189037547
"SDIASAN1","T20_2000SD",0.139752105984214
"SDIASAN1","WLAKCH500P",-0.00354763733412399
"SDIASAN1","WOTHCH500P",0.0162662285948121
"SDIASAN1","WRIVCV20P",-0.166314332094462
"SDIASAN1","WRIVEDH",-0.162681540203217
"SDIASAN1","WRIVP",-0.0195779516187518
"SDIASAN2","BLDADEN",0.0272359562636967
"SDIASAN2","BLDDEND10",-0.112375120982957
"SDIASAN2","GAWHC5",-0.000167942937798731
"SDIASAN2","GDRAIN4MW",-0.260001133177875
"SDIASAN2","GDRAIN5I",-0.0463282767547233
"SDIASAN2","GDRAIN6P",0.328516587305102
"SDIASAN2","HSLWCH100",0.0314946844730979
"SDIASAN2","HSLWP",-0.0499062110262289
"SDIASAN2","ISAPCDH",-0.0398627371781635
"SDIASAN2","ISAPCH100",0.0576971030697056
"SDIASAN2","L130",0.0154636992398221
"SDIASAN2","LRESIDENT",0.110111888015249
"SDIASAN2","MCH500",0.00912061430262835
"SDIASAN2","MDITCH500",0.0632003505530719
"SDIASAN2","MDITCV10",0.0391741581087885
"SDIASAN2","OBWP",0.0101556470446153
"SDIASAN2","RDDEND10",0.171166171902712
"SDIASAN2","RDP",0.200400509636955
"SDIASAN2","SAGE3",0.653875739035132
"SDIASAN2","SAGE5",-0.233115744720594
"SDIASAN2","SAGESAN2",0.278355121456996
"SDIASAN2","SAGESAN4",0.252108032078956
"SDIASAN2","SAGESAND2",0.265970854009203
"SDIASAN2","SAGESTR4",0.195414205389601
"SDIASAN2","SDEN",0.464846372753189
"SDIASAN2","SDIASAN1",-0.0629608085367656
"SDIASAN2","SDIASAN2",1
"SDIASAN2","SDIASAND3",0.338963961955228
"SDIASAN2","SDIASTR1",0.0369101082501863
"SDIASAN2","SPAGE3",0.470275935386321
"SDIASAN2","SPAGECOM4",-0.255990701730486
"SDIASAN2","SPAGESAN2",0.204997694393278
"SDIASAN2","SPAGESTR2",0.115311537550877
"SDIASAN2","SPAGESTR4",0.135727621514073
"SDIASAN2","SPDIA3",0.208386770061485
"SDIASAN2","SPDIA4",0.212649712901804
"SDIASAN2","SPDIASAN2",0.770536275276573
"SDIASAN2","SPDIASTR5",0.238762892362283
"SDIASAN2","SSHCTNUM",-0.313296188057416
"SDIASAN2","T20_2000SD",-0.129629136536671
"SDIASAN2","WLAKCH500P",-0.0128822454582104
"SDIASAN2","WOTHCH500P",-0.0027903751784913
"SDIASAN2","WRIVCV20P",-0.0769693712190695
"SDIASAN2","WRIVEDH",-0.025384451245321
"SDIASAN2","WRIVP",-0.115411158941894
"SDIASAND3","BLDADEN",-0.001496037787761
"SDIASAND3","BLDDEND10",-0.155788558235007
"SDIASAND3","GAWHC5",-0.0603471476595631
"SDIASAND3","GDRAIN4MW",-0.200664340488277
"SDIASAND3","GDRAIN5I",-0.0235231713036743
"SDIASAND3","GDRAIN6P",0.188925888978126
"SDIASAND3","HSLWCH100",0.076607455378248
"SDIASAND3","HSLWP",0.0114773039357385
"SDIASAND3","ISAPCDH",-0.0984202592331773
"SDIASAND3","ISAPCH100",0.0362959225657403
"SDIASAND3","L130",0.0969870198333538
"SDIASAND3","LRESIDENT",0.0446415370648513
"SDIASAND3","MCH500",0.041245865645448
"SDIASAND3","MDITCH500",0.0865540402889383
"SDIASAND3","MDITCV10",0.0601015938395072
"SDIASAND3","OBWP",-0.0287827614973351
"SDIASAND3","RDDEND10",0.0249802970905467
"SDIASAND3","RDP",0.19333797172051
"SDIASAND3","SAGE3",0.352538027335447
"SDIASAND3","SAGE5",-0.105040870726444
"SDIASAND3","SAGESAN2",0.155330341484996
"SDIASAND3","SAGESAN4",0.163730860740429
"SDIASAND3","SAGESAND2",0.329215721604945
"SDIASAND3","SAGESTR4",0.0995458478868617
"SDIASAND3","SDEN",0.249527687444318
"SDIASAND3","SDIASAN1",0.0641494495349679
"SDIASAND3","SDIASAN2",0.338963961955228
"SDIASAND3","SDIASAND3",1
"SDIASAND3","SDIASTR1",0.0214118657272726
"SDIASAND3","SPAGE3",0.432505376617263
"SDIASAND3","SPAGECOM4",-0.238787638355879
"SDIASAND3","SPAGESAN2",0.223042166256219
"SDIASAND3","SPAGESTR2",0.117679035490962
"SDIASAND3","SPAGESTR4",0.115715827010637
"SDIASAND3","SPDIA3",0.189114862647257
"SDIASAND3","SPDIA4",0.203151481079177
"SDIASAND3","SPDIASAN2",0.505456940515152
"SDIASAND3","SPDIASTR5",0.182871730620578
"SDIASAND3","SSHCTNUM",-0.211058585091681
"SDIASAND3","T20_2000SD",-0.118300458848073
"SDIASAND3","WLAKCH500P",-0.024062642089519
"SDIASAND3","WOTHCH500P",-0.0237879588404545
"SDIASAND3","WRIVCV20P",-0.0811710290961804
"SDIASAND3","WRIVEDH",-0.0717185590752542
"SDIASAND3","WRIVP",-0.0690736721018728
"SDIASTR1","BLDADEN",-0.00845864785609685
"SDIASTR1","BLDDEND10",-0.00207223759849449
"SDIASTR1","GAWHC5",-0.0055139110569823
"SDIASTR1","GDRAIN4MW",-0.0591866617456328
"SDIASTR1","GDRAIN5I",-0.00637124194680706
"SDIASTR1","GDRAIN6P",0.068054648040027
"SDIASTR1","HSLWCH100",0.0116172459878149
"SDIASTR1","HSLWP",-0.00501945185065797
"SDIASTR1","ISAPCDH",-0.000972013219008146
"SDIASTR1","ISAPCH100",-0.00381537689343129
"SDIASTR1","L130",-0.0120419568936854
"SDIASTR1","LRESIDENT",-0.0123549043404971
"SDIASTR1","MCH500",0.0557591907287839
"SDIASTR1","MDITCH500",0.00400529697358893
"SDIASTR1","MDITCV10",-0.00834292156430226
"SDIASTR1","OBWP",0.0144476060760829
"SDIASTR1","RDDEND10",0.0120405570312353
"SDIASTR1","RDP",0.0175908728450592
"SDIASTR1","SAGE3",-0.0290971219662042
"SDIASTR1","SAGE5",0.00747350401896535
"SDIASTR1","SAGESAN2",-0.00496822770061401
"SDIASTR1","SAGESAN4",0.125020579171629
"SDIASTR1","SAGESAND2",0.0541173672137247
"SDIASTR1","SAGESTR4",0.17873129366981
"SDIASTR1","SDEN",0.0365729102121387
"SDIASTR1","SDIASAN1",0.114426414075756
"SDIASTR1","SDIASAN2",0.0369101082501863
"SDIASTR1","SDIASAND3",0.0214118657272726
"SDIASTR1","SDIASTR1",1
"SDIASTR1","SPAGE3",-0.0320174077591911
"SDIASTR1","SPAGECOM4",-0.020947967305182
"SDIASTR1","SPAGESAN2",-0.00639687811200011
"SDIASTR1","SPAGESTR2",-0.00288503194830828
"SDIASTR1","SPAGESTR4",0.125409568939198
"SDIASTR1","SPDIA3",-0.026949286180415
"SDIASTR1","SPDIA4",-0.0397097114187895
"SDIASTR1","SPDIASAN2",0.0413197591821111
"SDIASTR1","SPDIASTR5",-0.0182575118623406
"SDIASTR1","SSHCTNUM",-0.0110428393431456
"SDIASTR1","T20_2000SD",0.0427123857688019
"SDIASTR1","WLAKCH500P",0.0112366265118182
"SDIASTR1","WOTHCH500P",0.00758404436975136
"SDIASTR1","WRIVCV20P",-0.0581290742757829
"SDIASTR1","WRIVEDH",-0.0517141420267187
"SDIASTR1","WRIVP",-0.00109405616860151
"SPAGE3","BLDADEN",0.0204633572161875
"SPAGE3","BLDDEND10",-0.201879931776801
"SPAGE3","GAWHC5",-0.0692833207834152
"SPAGE3","GDRAIN4MW",-0.257899398176737
"SPAGE3","GDRAIN5I",-0.0989457530273083
"SPAGE3","GDRAIN6P",0.270365809953514
"SPAGE3","HSLWCH100",0.0150958921741184
"SPAGE3","HSLWP",-0.0568274231245674
"SPAGE3","ISAPCDH",-0.0684046925354301
"SPAGE3","ISAPCH100",0.0221854315151953
"SPAGE3","L130",0.0587866765027715
"SPAGE3","LRESIDENT",0.103590062637802
"SPAGE3","MCH500",-0.0140938551181873
"SPAGE3","MDITCH500",0.0388351598794126
"SPAGE3","MDITCV10",0.0198067676486758
"SPAGE3","OBWP",-0.0453732206910341
"SPAGE3","RDDEND10",-0.0229240057995959
"SPAGE3","RDP",0.231450333117996
"SPAGE3","SAGE3",0.72014563675206
"SPAGE3","SAGE5",-0.258213547242606
"SPAGE3","SAGESAN2",-0.0975182023058142
"SPAGE3","SAGESAN4",-0.0653020083631124
"SPAGE3","SAGESAND2",0.211613997392342
"SPAGE3","SAGESTR4",-0.0733313444359372
"SPAGE3","SDEN",0.244187488400384
"SPAGE3","SDIASAN1",0.0118190787272309
"SPAGE3","SDIASAN2",0.470275935386321
"SPAGE3","SDIASAND3",0.432505376617263
"SPAGE3","SDIASTR1",-0.0320174077591911
"SPAGE3","SPAGE3",1
"SPAGE3","SPAGECOM4",-0.204315511190502
"SPAGE3","SPAGESAN2",-0.0351355552907264
"SPAGE3","SPAGESTR2",-0.0677058762238183
"SPAGE3","SPAGESTR4",-0.013448597067247
"SPAGE3","SPDIA3",0.247468873354829
"SPAGE3","SPDIA4",0.219860307824776
"SPAGE3","SPDIASAN2",0.59292191693989
"SPAGE3","SPDIASTR5",0.23355097316649
"SPAGE3","SSHCTNUM",-0.243864388291677
"SPAGE3","T20_2000SD",-0.0974847661286655
"SPAGE3","WLAKCH500P",0.0483580993263853
"SPAGE3","WOTHCH500P",0.00312553833661433
"SPAGE3","WRIVCV20P",-0.0417811695293578
"SPAGE3","WRIVEDH",-0.0246649422875345
"SPAGE3","WRIVP",-0.10755423844905
"SPAGECOM4","BLDADEN",-0.0864686991219082
"SPAGECOM4","BLDDEND10",-0.0803585170829087
"SPAGECOM4","GAWHC5",0.118794783086204
"SPAGECOM4","GDRAIN4MW",0.269777136106083
"SPAGECOM4","GDRAIN5I",-0.0432741526881103
"SPAGECOM4","GDRAIN6P",-0.194848814386844
"SPAGECOM4","HSLWCH100",-0.0838357453315174
"SPAGECOM4","HSLWP",-0.0941453935423761
"SPAGECOM4","ISAPCDH",0.0469807595113073
"SPAGECOM4","ISAPCH100",-0.0304058485537715
"SPAGECOM4","L130",-0.0744316772354039
"SPAGECOM4","LRESIDENT",0.0641866827749044
"SPAGECOM4","MCH500",-0.089093578720064
"SPAGECOM4","MDITCH500",-0.0116612490996137
"SPAGECOM4","MDITCV10",-0.0280852940981973
"SPAGECOM4","OBWP",0.12940867339689
"SPAGECOM4","RDDEND10",0.0986223807956774
"SPAGECOM4","RDP",0.113371368799238
"SPAGECOM4","SAGE3",-0.195410930561555
"SPAGECOM4","SAGE5",-0.0913081610307716
"SPAGECOM4","SAGESAN2",-0.0935328922359499
"SPAGECOM4","SAGESAN4",-0.0985860331738353
"SPAGECOM4","SAGESAND2",-0.16400900168185
"SPAGECOM4","SAGESTR4",-0.00698703956371785
"SPAGECOM4","SDEN",-0.0253525828305524
"SPAGECOM4","SDIASAN1",-0.0795402916526294
"SPAGECOM4","SDIASAN2",-0.255990701730486
"SPAGECOM4","SDIASAND3",-0.238787638355879
"SPAGECOM4","SDIASTR1",-0.020947967305182
"SPAGECOM4","SPAGE3",-0.204315511190502
"SPAGECOM4","SPAGECOM4",1
"SPAGECOM4","SPAGESAN2",-0.119155653026847
"SPAGECOM4","SPAGESTR2",-0.0272841112871482
"SPAGECOM4","SPAGESTR4",0.019018795513391
"SPAGECOM4","SPDIA3",0.138865997250736
"SPAGECOM4","SPDIA4",0.119253706389479
"SPAGECOM4","SPDIASAN2",-0.330023766849721
"SPAGECOM4","SPDIASTR5",-0.0509277191061135
"SPAGECOM4","SSHCTNUM",0.2968021297442
"SPAGECOM4","T20_2000SD",0.119840110369368
"SPAGECOM4","WLAKCH500P",0.134003260830029
"SPAGECOM4","WOTHCH500P",0.137241884375979
"SPAGECOM4","WRIVCV20P",0.155514895554164
"SPAGECOM4","WRIVEDH",0.160715402075142
"SPAGECOM4","WRIVP",-0.0747776954089409
"SPAGESAN2","BLDADEN",0.0212289379858599
"SPAGESAN2","BLDDEND10",-0.117766470060295
"SPAGESAN2","GAWHC5",-0.0662110339120776
"SPAGESAN2","GDRAIN4MW",-0.144358081673411
"SPAGESAN2","GDRAIN5I",0.0773323906476813
"SPAGESAN2","GDRAIN6P",0.0864856392232412
"SPAGESAN2","HSLWCH100",0.114132612446612
"SPAGESAN2","HSLWP",0.11103558896416
"SPAGESAN2","ISAPCDH",-0.0635904130975993
"SPAGESAN2","ISAPCH100",0.0746716458284455
"SPAGESAN2","L130",0.0690085566589232
"SPAGESAN2","LRESIDENT",0.0287255100457482
"SPAGESAN2","MCH500",0.0892936616458685
"SPAGESAN2","MDITCH500",0.0765640305430307
"SPAGESAN2","MDITCV10",0.109161486954559
"SPAGESAN2","OBWP",0.0431863574703393
"SPAGESAN2","RDDEND10",-0.0273482476704189
"SPAGESAN2","RDP",0.0910136759570154
"SPAGESAN2","SAGE3",-0.103147856409469
"SPAGESAN2","SAGE5",-0.0980464933245091
"SPAGESAN2","SAGESAN2",0.767333242803427
"SPAGESAN2","SAGESAN4",-0.0349472765162752
"SPAGESAN2","SAGESAND2",-0.00581413316171663
"SPAGESAN2","SAGESTR4",-0.0387165060654686
"SPAGESAN2","SDEN",0.0776680462780112
"SPAGESAN2","SDIASAN1",0.00997164499536502
"SPAGESAN2","SDIASAN2",0.204997694393278
"SPAGESAN2","SDIASAND3",0.223042166256219
"SPAGESAN2","SDIASTR1",-0.00639687811200011
"SPAGESAN2","SPAGE3",-0.0351355552907264
"SPAGESAN2","SPAGECOM4",-0.119155653026847
"SPAGESAN2","SPAGESAN2",1
"SPAGESAN2","SPAGESTR2",0.634135701380378
"SPAGESAN2","SPAGESTR4",-0.0368118885516389
"SPAGESAN2","SPDIA3",0.162436830453113
"SPAGESAN2","SPDIA4",0.15151911557661
"SPAGESAN2","SPDIASAN2",0.308094003118448
"SPAGESAN2","SPDIASTR5",0.14484821191342
"SPAGESAN2","SSHCTNUM",-0.199272278064694
"SPAGESAN2","T20_2000SD",-0.121991151617311
"SPAGESAN2","WLAKCH500P",-0.18616913118484
"SPAGESAN2","WOTHCH500P",-0.101931526953664
"SPAGESAN2","WRIVCV20P",-0.113628525828913
"SPAGESAN2","WRIVEDH",-0.0768051455729182
"SPAGESAN2","WRIVP",-0.0153624223664594
"SPAGESTR2","BLDADEN",0.0132442161363724
"SPAGESTR2","BLDDEND10",-0.111462190551081
"SPAGESTR2","GAWHC5",-0.00447703413011983
"SPAGESTR2","GDRAIN4MW",-0.0938062092798962
"SPAGESTR2","GDRAIN5I",0.0458551628269182
"SPAGESTR2","GDRAIN6P",0.0966078762139212
"SPAGESTR2","HSLWCH100",0.0772746402508869
"SPAGESTR2","HSLWP",0.0731938139657683
"SPAGESTR2","ISAPCDH",0.0165760181799613
"SPAGESTR2","ISAPCH100",-0.0159747399001652
"SPAGESTR2","L130",0.0511561661579236
"SPAGESTR2","LRESIDENT",0.0440287168537151
"SPAGESTR2","MCH500",0.0465398722847255
"SPAGESTR2","MDITCH500",0.0449340980194007
"SPAGESTR2","MDITCV10",0.0664687898910869
"SPAGESTR2","OBWP",0.0753542767714519
"SPAGESTR2","RDDEND10",0.0222141066351298
"SPAGESTR2","RDP",0.110106611054979
"SPAGESTR2","SAGE3",-0.137243424924611
"SPAGESTR2","SAGE5",-0.0785188840890868
"SPAGESTR2","SAGESAN2",0.52144296373671
"SPAGESTR2","SAGESAN4",0.0502133103632679
"SPAGESTR2","SAGESAND2",0.0103539038460947
"SPAGESTR2","SAGESTR4",-0.0478488216141823
"SPAGESTR2","SDEN",0.12182466650698
"SPAGESTR2","SDIASAN1",0.0593355964696638
"SPAGESTR2","SDIASAN2",0.115311537550877
"SPAGESTR2","SDIASAND3",0.117679035490962
"SPAGESTR2","SDIASTR1",-0.00288503194830828
"SPAGESTR2","SPAGE3",-0.0677058762238183
"SPAGESTR2","SPAGECOM4",-0.0272841112871482
"SPAGESTR2","SPAGESAN2",0.634135701380378
"SPAGESTR2","SPAGESTR2",1
"SPAGESTR2","SPAGESTR4",-0.018417716083452
"SPAGESTR2","SPDIA3",0.217619424521446
"SPAGESTR2","SPDIA4",0.207392147406226
"SPAGESTR2","SPDIASAN2",0.201037866162826
"SPAGESTR2","SPDIASTR5",0.162837094352278
"SPAGESTR2","SSHCTNUM",-0.118918213095106
"SPAGESTR2","T20_2000SD",-0.032118219946513
"SPAGESTR2","WLAKCH500P",-0.0983071617531404
"SPAGESTR2","WOTHCH500P",-0.0290257169228094
"SPAGESTR2","WRIVCV20P",-0.0443432836646382
"SPAGESTR2","WRIVEDH",-0.00432822331660766
"SPAGESTR2","WRIVP",-0.0355810830970761
"SPAGESTR4","BLDADEN",-0.0828616943174039
"SPAGESTR4","BLDDEND10",-0.108307040777973
"SPAGESTR4","GAWHC5",0.0455624007605834
"SPAGESTR4","GDRAIN4MW",-2.07074783857062e-05
"SPAGESTR4","GDRAIN5I",-0.0322171318923085
"SPAGESTR4","GDRAIN6P",0.0553127244710851
"SPAGESTR4","HSLWCH100",-0.033051846172163
"SPAGESTR4","HSLWP",-0.0502428557446804
"SPAGESTR4","ISAPCDH",-0.0407121023252265
"SPAGESTR4","ISAPCH100",0.00301353539373293
"SPAGESTR4","L130",-0.0402758149757646
"SPAGESTR4","LRESIDENT",0.0376832319564641
"SPAGESTR4","MCH500",0.000229273567949629
"SPAGESTR4","MDITCH500",0.0374016084617606
"SPAGESTR4","MDITCV10",-0.0095475089235833
"SPAGESTR4","OBWP",0.0481321535863205
"SPAGESTR4","RDDEND10",0.0214525831017662
"SPAGESTR4","RDP",0.0978750623395736
"SPAGESTR4","SAGE3",-0.0963322436887527
"SPAGESTR4","SAGE5",-0.0980029775666394
"SPAGESTR4","SAGESAN2",-0.0532537527262008
"SPAGESTR4","SAGESAN4",0.551374304438966
"SPAGESTR4","SAGESAND2",0.157551689690873
"SPAGESTR4","SAGESTR4",0.741991615957031
"SPAGESTR4","SDEN",0.0953437813148871
"SPAGESTR4","SDIASAN1",0.0544187084841055
"SPAGESTR4","SDIASAN2",0.135727621514073
"SPAGESTR4","SDIASAND3",0.115715827010637
"SPAGESTR4","SDIASTR1",0.125409568939198
"SPAGESTR4","SPAGE3",-0.013448597067247
"SPAGESTR4","SPAGECOM4",0.019018795513391
"SPAGESTR4","SPAGESAN2",-0.0368118885516389
"SPAGESTR4","SPAGESTR2",-0.018417716083452
"SPAGESTR4","SPAGESTR4",1
"SPAGESTR4","SPDIA3",0.104437193779561
"SPAGESTR4","SPDIA4",0.124527302127048
"SPAGESTR4","SPDIASAN2",0.193288717683479
"SPAGESTR4","SPDIASTR5",0.126027771608491
"SPAGESTR4","SSHCTNUM",-0.00330831959421963
"SPAGESTR4","T20_2000SD",0.0686068283395529
"SPAGESTR4","WLAKCH500P",0.013945156195283
"SPAGESTR4","WOTHCH500P",0.0689015284595867
"SPAGESTR4","WRIVCV20P",-0.00304355316467559
"SPAGESTR4","WRIVEDH",-0.0299707926513173
"SPAGESTR4","WRIVP",-0.0340300256206609
"SPDIA3","BLDADEN",0.025556761749063
"SPDIA3","BLDDEND10",-0.230646508137294
"SPDIA3","GAWHC5",0.100022860688016
"SPDIA3","GDRAIN4MW",0.0359512227119721
"SPDIA3","GDRAIN5I",-0.0603939321351343
"SPDIA3","GDRAIN6P",0.0748301506716199
"SPDIA3","HSLWCH100",-0.0357861077646755
"SPDIA3","HSLWP",-0.0915523319644633
"SPDIA3","ISAPCDH",0.0302797122883665
"SPDIA3","ISAPCH100",-0.0231388395611756
"SPDIA3","L130",0.0119993210401578
"SPDIA3","LRESIDENT",0.141704171088434
"SPDIA3","MCH500",-0.0777251990001229
"SPDIA3","MDITCH500",0.0350320332619607
"SPDIA3","MDITCV10",0.0227357856301942
"SPDIA3","OBWP",0.162348746333518
"SPDIA3","RDDEND10",0.199799764388374
"SPDIA3","RDP",0.326029710092353
"SPDIA3","SAGE3",0.220032543031934
"SPDIA3","SAGE5",0.049052816318039
"SPDIA3","SAGESAN2",0.128512438745697
"SPDIA3","SAGESAN4",0.0533521321530164
"SPDIA3","SAGESAND2",0.0800625370120145
"SPDIA3","SAGESTR4",0.0679787365350327
"SPDIA3","SDEN",0.352401253881372
"SPDIA3","SDIASAN1",-0.0411030409974774
"SPDIA3","SDIASAN2",0.208386770061485
"SPDIA3","SDIASAND3",0.189114862647257
"SPDIA3","SDIASTR1",-0.026949286180415
"SPDIA3","SPAGE3",0.247468873354829
"SPDIA3","SPAGECOM4",0.138865997250736
"SPDIA3","SPAGESAN2",0.162436830453113
"SPDIA3","SPAGESTR2",0.217619424521446
"SPDIA3","SPAGESTR4",0.104437193779561
"SPDIA3","SPDIA3",1
"SPDIA3","SPDIA4",0.270156345240388
"SPDIA3","SPDIASAN2",0.263966967784906
"SPDIA3","SPDIASTR5",0.107284502853788
"SPDIA3","SSHCTNUM",0.0763979158171299
"SPDIA3","T20_2000SD",0.0599478802096052
"SPDIA3","WLAKCH500P",0.122165056038496
"SPDIA3","WOTHCH500P",0.118349882616994
"SPDIA3","WRIVCV20P",0.102959957349885
"SPDIA3","WRIVEDH",0.144003494024566
"SPDIA3","WRIVP",-0.156579077138931
"SPDIA4","BLDADEN",0.00952055283844082
"SPDIA4","BLDDEND10",-0.189566882735588
"SPDIA4","GAWHC5",0.105958481575439
"SPDIA4","GDRAIN4MW",0.0265738872400385
"SPDIA4","GDRAIN5I",-0.034658672478915
"SPDIA4","GDRAIN6P",0.085084237193623
"SPDIA4","HSLWCH100",-0.00844175228051613
"SPDIA4","HSLWP",-0.0499693862942565
"SPDIA4","ISAPCDH",-0.00669917537785555
"SPDIA4","ISAPCH100",0.0185441456552961
"SPDIA4","L130",0.0189446876757657
"SPDIA4","LRESIDENT",0.0982074369107104
"SPDIA4","MCH500",-0.0612221334845851
"SPDIA4","MDITCH500",0.0168213252669877
"SPDIA4","MDITCV10",0.0109285246410304
"SPDIA4","OBWP",0.143037991698773
"SPDIA4","RDDEND10",0.16457527237178
"SPDIA4","RDP",0.240376064240997
"SPDIA4","SAGE3",0.199440694215877
"SPDIA4","SAGE5",0.0489684385923247
"SPDIA4","SAGESAN2",0.113634387819465
"SPDIA4","SAGESAN4",0.0457496644795037
"SPDIA4","SAGESAND2",0.0728154274466956
"SPDIA4","SAGESTR4",0.080539672324183
"SPDIA4","SDEN",0.335270235763579
"SPDIA4","SDIASAN1",-0.0704894604433444
"SPDIA4","SDIASAN2",0.212649712901804
"SPDIA4","SDIASAND3",0.203151481079177
"SPDIA4","SDIASTR1",-0.0397097114187895
"SPDIA4","SPAGE3",0.219860307824776
"SPDIA4","SPAGECOM4",0.119253706389479
"SPDIA4","SPAGESAN2",0.15151911557661
"SPDIA4","SPAGESTR2",0.207392147406226
"SPDIA4","SPAGESTR4",0.124527302127048
"SPDIA4","SPDIA3",0.270156345240388
"SPDIA4","SPDIA4",1
"SPDIA4","SPDIASAN2",0.241103794879543
"SPDIA4","SPDIASTR5",0.156533429986334
"SPDIA4","SSHCTNUM",0.0233985754663329
"SPDIA4","T20_2000SD",-0.00129410846836096
"SPDIA4","WLAKCH500P",0.0746059802439963
"SPDIA4","WOTHCH500P",0.079692687734615
"SPDIA4","WRIVCV20P",0.0474508003229427
"SPDIA4","WRIVEDH",0.0995678740322996
"SPDIA4","WRIVP",-0.118945781972754
"SPDIASAN2","BLDADEN",-0.0068523227773254
"SPDIASAN2","BLDDEND10",-0.26365681882511
"SPDIASAN2","GAWHC5",-0.0659449702656875
"SPDIASAN2","GDRAIN4MW",-0.34963790999443
"SPDIASAN2","GDRAIN5I",-0.0432263048742733
"SPDIASAN2","GDRAIN6P",0.369658901000608
"SPDIASAN2","HSLWCH100",0.0734445743793255
"SPDIASAN2","HSLWP",-0.0145111622114556
"SPDIASAN2","ISAPCDH",-0.0813543360635929
"SPDIASAN2","ISAPCH100",0.0628594316687855
"SPDIASAN2","L130",0.0599423665857127
"SPDIASAN2","LRESIDENT",0.128928944729541
"SPDIASAN2","MCH500",0.0515765201658486
"SPDIASAN2","MDITCH500",0.10177935198845
"SPDIASAN2","MDITCV10",0.0689598868845001
"SPDIASAN2","OBWP",0.010996797995014
"SPDIASAN2","RDDEND10",-0.0350633609551036
"SPDIASAN2","RDP",0.255841896365859
"SPDIASAN2","SAGE3",0.519599659686204
"SPDIASAN2","SAGE5",-0.311014761772757
"SPDIASAN2","SAGESAN2",0.249466112376792
"SPDIASAN2","SAGESAN4",0.236428421869615
"SPDIASAN2","SAGESAND2",0.349814954492741
"SPDIASAN2","SAGESTR4",0.160533410233692
"SPDIASAN2","SDEN",0.256038404558797
"SPDIASAN2","SDIASAN1",0.000516038570726641
"SPDIASAN2","SDIASAN2",0.770536275276573
"SPDIASAN2","SDIASAND3",0.505456940515152
"SPDIASAN2","SDIASTR1",0.0413197591821111
"SPDIASAN2","SPAGE3",0.59292191693989
"SPDIASAN2","SPAGECOM4",-0.330023766849721
"SPDIASAN2","SPAGESAN2",0.308094003118448
"SPDIASAN2","SPAGESTR2",0.201037866162826
"SPDIASAN2","SPAGESTR4",0.193288717683479
"SPDIASAN2","SPDIA3",0.263966967784906
"SPDIASAN2","SPDIA4",0.241103794879543
"SPDIASAN2","SPDIASAN2",1
"SPDIASAN2","SPDIASTR5",0.270941062197804
"SPDIASAN2","SSHCTNUM",-0.403754489874738
"SPDIASAN2","T20_2000SD",-0.132868764232186
"SPDIASAN2","WLAKCH500P",-0.0547287251165847
"SPDIASAN2","WOTHCH500P",-0.0241634287883112
"SPDIASAN2","WRIVCV20P",-0.129793861295798
"SPDIASAN2","WRIVEDH",-0.0925692211133336
"SPDIASAN2","WRIVP",-0.1075174029908
"SPDIASTR5","BLDADEN",-0.019996788778272
"SPDIASTR5","BLDDEND10",-0.119307122222235
"SPDIASTR5","GAWHC5",0.0414966349606724
"SPDIASTR5","GDRAIN4MW",-0.0879504509754929
"SPDIASTR5","GDRAIN5I",-0.00091321786688354
"SPDIASTR5","GDRAIN6P",0.149254680173895
"SPDIASTR5","HSLWCH100",0.0420759390478126
"SPDIASTR5","HSLWP",0.0238204443490157
"SPDIASTR5","ISAPCDH",0.000299412906997215
"SPDIASTR5","ISAPCH100",0.00740992621789516
"SPDIASTR5","L130",0.0522217292180848
"SPDIASTR5","LRESIDENT",0.0357351929442338
"SPDIASTR5","MCH500",-0.0223234848172449
"SPDIASTR5","MDITCH500",0.0278228079265873
"SPDIASTR5","MDITCV10",0.0191752629622517
"SPDIASTR5","OBWP",0.0287267851281731
"SPDIASTR5","RDDEND10",0.0703682485527511
"SPDIASTR5","RDP",0.123131268399114
"SPDIASTR5","SAGE3",0.226405804896089
"SPDIASTR5","SAGE5",-0.0585020489839411
"SPDIASTR5","SAGESAN2",0.107831641330372
"SPDIASTR5","SAGESAN4",0.0514940904099619
"SPDIASTR5","SAGESAND2",0.0801567511360728
"SPDIASTR5","SAGESTR4",0.0986172208407873
"SPDIASTR5","SDEN",0.211711750503224
"SPDIASTR5","SDIASAN1",-0.0261073570852209
"SPDIASTR5","SDIASAN2",0.238762892362283
"SPDIASTR5","SDIASAND3",0.182871730620578
"SPDIASTR5","SDIASTR1",-0.0182575118623406
"SPDIASTR5","SPAGE3",0.23355097316649
"SPDIASTR5","SPAGECOM4",-0.0509277191061135
"SPDIASTR5","SPAGESAN2",0.14484821191342
"SPDIASTR5","SPAGESTR2",0.162837094352278
"SPDIASTR5","SPAGESTR4",0.126027771608491
"SPDIASTR5","SPDIA3",0.107284502853788
"SPDIASTR5","SPDIA4",0.156533429986334
"SPDIASTR5","SPDIASAN2",0.270941062197804
"SPDIASTR5","SPDIASTR5",1
"SPDIASTR5","SSHCTNUM",-0.120341695752239
"SPDIASTR5","T20_2000SD",-0.0456782396558157
"SPDIASTR5","WLAKCH500P",-0.0159511945825943
"SPDIASTR5","WOTHCH500P",0.0243867649031973
"SPDIASTR5","WRIVCV20P",0.00170206053174239
"SPDIASTR5","WRIVEDH",0.0236273871799934
"SPDIASTR5","WRIVP",-0.0503566150832945
"SSHCTNUM","BLDADEN",0.367966827108991
"SSHCTNUM","BLDDEND10",0.383433840638906
"SSHCTNUM","GAWHC5",0.17533265423178
"SSHCTNUM","GDRAIN4MW",0.531764548421809
"SSHCTNUM","GDRAIN5I",-0.186817995753665
"SSHCTNUM","GDRAIN6P",-0.415589748803061
"SSHCTNUM","HSLWCH100",-0.183711136043205
"SSHCTNUM","HSLWP",-0.306100382831429
"SSHCTNUM","ISAPCDH",-0.0102874780977977
"SSHCTNUM","ISAPCH100",-0.00921372045144987
"SSHCTNUM","L130",-0.0682231975727786
"SSHCTNUM","LRESIDENT",0.161730953815592
"SSHCTNUM","MCH500",-0.282740462733444
"SSHCTNUM","MDITCH500",-0.0556615810297042
"SSHCTNUM","MDITCV10",-0.0695067727360398
"SSHCTNUM","OBWP",0.109578095224553
"SSHCTNUM","RDDEND10",0.279596010658714
"SSHCTNUM","RDP",-0.0283507041106174
"SSHCTNUM","SAGE3",-0.212844750239136
"SSHCTNUM","SAGE5",0.455971323313273
"SSHCTNUM","SAGESAN2",-0.166688668572609
"SSHCTNUM","SAGESAN4",-0.0429090032665578
"SSHCTNUM","SAGESAND2",-0.113998225471897
"SSHCTNUM","SAGESTR4",-0.00234338306791922
"SSHCTNUM","SDEN",0.21794908749786
"SSHCTNUM","SDIASAN1",-0.0471499189037547
"SSHCTNUM","SDIASAN2",-0.313296188057416
"SSHCTNUM","SDIASAND3",-0.211058585091681
"SSHCTNUM","SDIASTR1",-0.0110428393431456
"SSHCTNUM","SPAGE3",-0.243864388291677
"SSHCTNUM","SPAGECOM4",0.2968021297442
"SSHCTNUM","SPAGESAN2",-0.199272278064694
"SSHCTNUM","SPAGESTR2",-0.118918213095106
"SSHCTNUM","SPAGESTR4",-0.00330831959421963
"SSHCTNUM","SPDIA3",0.0763979158171299
"SSHCTNUM","SPDIA4",0.0233985754663329
"SSHCTNUM","SPDIASAN2",-0.403754489874738
"SSHCTNUM","SPDIASTR5",-0.120341695752239
"SSHCTNUM","SSHCTNUM",1
"SSHCTNUM","T20_2000SD",0.408763374118403
"SSHCTNUM","WLAKCH500P",0.455213947622615
"SSHCTNUM","WOTHCH500P",0.386025119416332
"SSHCTNUM","WRIVCV20P",0.410154869199814
"SSHCTNUM","WRIVEDH",0.407729499073598
"SSHCTNUM","WRIVP",-0.270764114067032
"T20_2000SD","BLDADEN",0.120138788833531
"T20_2000SD","BLDDEND10",0.130583532299244
"T20_2000SD","GAWHC5",-0.082062871350378
"T20_2000SD","GDRAIN4MW",0.0285548223033422
"T20_2000SD","GDRAIN5I",-0.152023356612081
"T20_2000SD","GDRAIN6P",-0.0757506020585688
"T20_2000SD","HSLWCH100",-0.0607173719867545
"T20_2000SD","HSLWP",-0.166701225136423
"T20_2000SD","ISAPCDH",0.0655198050432963
"T20_2000SD","ISAPCH100",-0.0509141403743511
"T20_2000SD","L130",-0.100072088040467
"T20_2000SD","LRESIDENT",0.112043593399691
"T20_2000SD","MCH500",-0.109379913560031
"T20_2000SD","MDITCH500",0.00698491874306308
"T20_2000SD","MDITCV10",-0.00863912778287113
"T20_2000SD","OBWP",-0.032913859628188
"T20_2000SD","RDDEND10",0.107753806485037
"T20_2000SD","RDP",0.0322609724244439
"T20_2000SD","SAGE3",-0.119074276941637
"T20_2000SD","SAGE5",0.175259954567585
"T20_2000SD","SAGESAN2",-0.121347768061238
"T20_2000SD","SAGESAN4",0.0930737122173288
"T20_2000SD","SAGESAND2",0.0163210744918944
"T20_2000SD","SAGESTR4",0.0567060465955204
"T20_2000SD","SDEN",0.0844613489500007
"T20_2000SD","SDIASAN1",0.139752105984214
"T20_2000SD","SDIASAN2",-0.129629136536671
"T20_2000SD","SDIASAND3",-0.118300458848073
"T20_2000SD","SDIASTR1",0.0427123857688019
"T20_2000SD","SPAGE3",-0.0974847661286655
"T20_2000SD","SPAGECOM4",0.119840110369368
"T20_2000SD","SPAGESAN2",-0.121991151617311
"T20_2000SD","SPAGESTR2",-0.032118219946513
"T20_2000SD","SPAGESTR4",0.0686068283395529
"T20_2000SD","SPDIA3",0.0599478802096052
"T20_2000SD","SPDIA4",-0.00129410846836096
"T20_2000SD","SPDIASAN2",-0.132868764232186
"T20_2000SD","SPDIASTR5",-0.0456782396558157
"T20_2000SD","SSHCTNUM",0.408763374118403
"T20_2000SD","T20_2000SD",1
"T20_2000SD","WLAKCH500P",0.332480607192008
"T20_2000SD","WOTHCH500P",0.14028474617904
"T20_2000SD","WRIVCV20P",0.0756956041545918
"T20_2000SD","WRIVEDH",0.0206749454208006
"T20_2000SD","WRIVP",-0.116330067278928
"WLAKCH500P","BLDADEN",0.296911189422516
"WLAKCH500P","BLDDEND10",0.217985066616224
"WLAKCH500P","GAWHC5",0.299819692652737
"WLAKCH500P","GDRAIN4MW",0.363838013124244
"WLAKCH500P","GDRAIN5I",-0.170081991416317
"WLAKCH500P","GDRAIN6P",-0.0897583828818699
"WLAKCH500P","HSLWCH100",-0.115992391224179
"WLAKCH500P","HSLWP",-0.262785852481231
"WLAKCH500P","ISAPCDH",0.177532767201004
"WLAKCH500P","ISAPCH100",-0.0962389773207364
"WLAKCH500P","L130",-0.0397861691778391
"WLAKCH500P","LRESIDENT",0.191377790312942
"WLAKCH500P","MCH500",-0.35526672581005
"WLAKCH500P","MDITCH500",-0.150682340175826
"WLAKCH500P","MDITCV10",-0.11811512705223
"WLAKCH500P","OBWP",0.114331575933374
"WLAKCH500P","RDDEND10",0.195420231325044
"WLAKCH500P","RDP",0.0334425428843707
"WLAKCH500P","SAGE3",0.0695341585122333
"WLAKCH500P","SAGE5",0.219965799412873
"WLAKCH500P","SAGESAN2",-0.171494830327752
"WLAKCH500P","SAGESAN4",0.00685825417117097
"WLAKCH500P","SAGESAND2",0.0381569221177622
"WLAKCH500P","SAGESTR4",0.0290125070755998
"WLAKCH500P","SDEN",0.227835785071401
"WLAKCH500P","SDIASAN1",-0.00354763733412399
"WLAKCH500P","SDIASAN2",-0.0128822454582104
"WLAKCH500P","SDIASAND3",-0.024062642089519
"WLAKCH500P","SDIASTR1",0.0112366265118182
"WLAKCH500P","SPAGE3",0.0483580993263853
"WLAKCH500P","SPAGECOM4",0.134003260830029
"WLAKCH500P","SPAGESAN2",-0.18616913118484
"WLAKCH500P","SPAGESTR2",-0.0983071617531404
"WLAKCH500P","SPAGESTR4",0.013945156195283
"WLAKCH500P","SPDIA3",0.122165056038496
"WLAKCH500P","SPDIA4",0.0746059802439963
"WLAKCH500P","SPDIASAN2",-0.0547287251165847
"WLAKCH500P","SPDIASTR5",-0.0159511945825943
"WLAKCH500P","SSHCTNUM",0.455213947622615
"WLAKCH500P","T20_2000SD",0.332480607192008
"WLAKCH500P","WLAKCH500P",1
"WLAKCH500P","WOTHCH500P",0.396550115640769
"WLAKCH500P","WRIVCV20P",0.463850621378818
"WLAKCH500P","WRIVEDH",0.480985726823376
"WLAKCH500P","WRIVP",-0.271249801699283
"WOTHCH500P","BLDADEN",0.23351953546455
"WOTHCH500P","BLDDEND10",0.173158997757896
"WOTHCH500P","GAWHC5",0.247923054806206
"WOTHCH500P","GDRAIN4MW",0.250746394871806
"WOTHCH500P","GDRAIN5I",-0.141816038141609
"WOTHCH500P","GDRAIN6P",-0.0130293801737125
"WOTHCH500P","HSLWCH100",-0.161276137629185
"WOTHCH500P","HSLWP",-0.257210462942914
"WOTHCH500P","ISAPCDH",0.109017630695922
"WOTHCH500P","ISAPCH100",-0.0954056449676879
"WOTHCH500P","L130",-0.0275200720453054
"WOTHCH500P","LRESIDENT",0.170707494481957
"WOTHCH500P","MCH500",-0.355646986539349
"WOTHCH500P","MDITCH500",-0.175903999647837
"WOTHCH500P","MDITCV10",-0.123527347242807
"WOTHCH500P","OBWP",0.161857909143297
"WOTHCH500P","RDDEND10",0.145596557378616
"WOTHCH500P","RDP",0.0269338566031962
"WOTHCH500P","SAGE3",0.0310863979170784
"WOTHCH500P","SAGE5",0.157295429538708
"WOTHCH500P","SAGESAN2",-0.0897626050747936
"WOTHCH500P","SAGESAN4",0.0682659540146864
"WOTHCH500P","SAGESAND2",0.0391420270161896
"WOTHCH500P","SAGESTR4",0.0655240689564585
"WOTHCH500P","SDEN",0.199019186269813
"WOTHCH500P","SDIASAN1",0.0162662285948121
"WOTHCH500P","SDIASAN2",-0.0027903751784913
"WOTHCH500P","SDIASAND3",-0.0237879588404545
"WOTHCH500P","SDIASTR1",0.00758404436975136
"WOTHCH500P","SPAGE3",0.00312553833661433
"WOTHCH500P","SPAGECOM4",0.137241884375979
"WOTHCH500P","SPAGESAN2",-0.101931526953664
"WOTHCH500P","SPAGESTR2",-0.0290257169228094
"WOTHCH500P","SPAGESTR4",0.0689015284595867
"WOTHCH500P","SPDIA3",0.118349882616994
"WOTHCH500P","SPDIA4",0.079692687734615
"WOTHCH500P","SPDIASAN2",-0.0241634287883112
"WOTHCH500P","SPDIASTR5",0.0243867649031973
"WOTHCH500P","SSHCTNUM",0.386025119416332
"WOTHCH500P","T20_2000SD",0.14028474617904
"WOTHCH500P","WLAKCH500P",0.396550115640769
"WOTHCH500P","WOTHCH500P",1
"WOTHCH500P","WRIVCV20P",0.454369451038733
"WOTHCH500P","WRIVEDH",0.482760319205784
"WOTHCH500P","WRIVP",-0.304730925888283
"WRIVCV20P","BLDADEN",0.282119662290629
"WRIVCV20P","BLDDEND10",0.231092688741933
"WRIVCV20P","GAWHC5",0.426323009032297
"WRIVCV20P","GDRAIN4MW",0.528275223614579
"WRIVCV20P","GDRAIN5I",-0.134648536120328
"WRIVCV20P","GDRAIN6P",-0.170755734161203
"WRIVCV20P","HSLWCH100",-0.186806269847705
"WRIVCV20P","HSLWP",-0.219910978765682
"WRIVCV20P","ISAPCDH",0.107064024192834
"WRIVCV20P","ISAPCH100",-0.0341270591625715
"WRIVCV20P","L130",-0.0398508989341402
"WRIVCV20P","LRESIDENT",0.128707241483983
"WRIVCV20P","MCH500",-0.442660296218813
"WRIVCV20P","MDITCH500",-0.216005420460363
"WRIVCV20P","MDITCV10",-0.167033423276508
"WRIVCV20P","OBWP",0.103258239946097
"WRIVCV20P","RDDEND10",0.171267443172506
"WRIVCV20P","RDP",-0.00990132060660205
"WRIVCV20P","SAGE3",0.0032547998929289
"WRIVCV20P","SAGE5",0.201004683986088
"WRIVCV20P","SAGESAN2",-0.0842825273008906
"WRIVCV20P","SAGESAN4",-0.0423583417856597
"WRIVCV20P","SAGESAND2",-0.0753472376571615
"WRIVCV20P","SAGESTR4",0.00882304379342377
"WRIVCV20P","SDEN",0.184206400929958
"WRIVCV20P","SDIASAN1",-0.166314332094462
"WRIVCV20P","SDIASAN2",-0.0769693712190695
"WRIVCV20P","SDIASAND3",-0.0811710290961804
"WRIVCV20P","SDIASTR1",-0.0581290742757829
"WRIVCV20P","SPAGE3",-0.0417811695293578
"WRIVCV20P","SPAGECOM4",0.155514895554164
"WRIVCV20P","SPAGESAN2",-0.113628525828913
"WRIVCV20P","SPAGESTR2",-0.0443432836646382
"WRIVCV20P","SPAGESTR4",-0.00304355316467559
"WRIVCV20P","SPDIA3",0.102959957349885
"WRIVCV20P","SPDIA4",0.0474508003229427
"WRIVCV20P","SPDIASAN2",-0.129793861295798
"WRIVCV20P","SPDIASTR5",0.00170206053174239
"WRIVCV20P","SSHCTNUM",0.410154869199814
"WRIVCV20P","T20_2000SD",0.0756956041545918
"WRIVCV20P","WLAKCH500P",0.463850621378818
"WRIVCV20P","WOTHCH500P",0.454369451038733
"WRIVCV20P","WRIVCV20P",1
"WRIVCV20P","WRIVEDH",0.78746857854039
"WRIVCV20P","WRIVP",-0.245755722251551
"WRIVEDH","BLDADEN",0.325040807829823
"WRIVEDH","BLDDEND10",0.239872806149899
"WRIVEDH","GAWHC5",0.479843145984177
"WRIVEDH","GDRAIN4MW",0.509375118322813
"WRIVEDH","GDRAIN5I",-0.141146607495257
"WRIVEDH","GDRAIN6P",-0.0915882981958991
"WRIVEDH","HSLWCH100",-0.25710564577641
"WRIVEDH","HSLWP",-0.298621236026016
"WRIVEDH","ISAPCDH",0.187024457703987
"WRIVEDH","ISAPCH100",-0.0477920482316823
"WRIVEDH","L130",-0.0153647490733522
"WRIVEDH","LRESIDENT",0.149708555635027
"WRIVEDH","MCH500",-0.386572642776173
"WRIVEDH","MDITCH500",-0.15513696044054
"WRIVEDH","MDITCV10",-0.114351793991685
"WRIVEDH","OBWP",0.14237739018433
"WRIVEDH","RDDEND10",0.210644104237187
"WRIVEDH","RDP",0.00157439604478842
"WRIVEDH","SAGE3",0.0360252412214125
"WRIVEDH","SAGE5",0.210385064745832
"WRIVEDH","SAGESAN2",-0.0432954649957762
"WRIVEDH","SAGESAN4",-0.0571889450275345
"WRIVEDH","SAGESAND2",-0.0696467114877719
"WRIVEDH","SAGESTR4",0.00609962641741017
"WRIVEDH","SDEN",0.234277344460944
"WRIVEDH","SDIASAN1",-0.162681540203217
"WRIVEDH","SDIASAN2",-0.025384451245321
"WRIVEDH","SDIASAND3",-0.0717185590752542
"WRIVEDH","SDIASTR1",-0.0517141420267187
"WRIVEDH","SPAGE3",-0.0246649422875345
"WRIVEDH","SPAGECOM4",0.160715402075142
"WRIVEDH","SPAGESAN2",-0.0768051455729182
"WRIVEDH","SPAGESTR2",-0.00432822331660766
"WRIVEDH","SPAGESTR4",-0.0299707926513173
"WRIVEDH","SPDIA3",0.144003494024566
"WRIVEDH","SPDIA4",0.0995678740322996
"WRIVEDH","SPDIASAN2",-0.0925692211133336
"WRIVEDH","SPDIASTR5",0.0236273871799934
"WRIVEDH","SSHCTNUM",0.407729499073598
"WRIVEDH","T20_2000SD",0.0206749454208006
"WRIVEDH","WLAKCH500P",0.480985726823376
"WRIVEDH","WOTHCH500P",0.482760319205784
"WRIVEDH","WRIVCV20P",0.78746857854039
"WRIVEDH","WRIVEDH",1
"WRIVEDH","WRIVP",-0.387668602254707
"WRIVP","BLDADEN",-0.292022935305
"WRIVP","BLDDEND10",-0.125005265002806
"WRIVP","GAWHC5",-0.159716179112965
"WRIVP","GDRAIN4MW",-0.136930605002016
"WRIVP","GDRAIN5I",0.129267688416756
"WRIVP","GDRAIN6P",-0.0320484942062917
"WRIVP","HSLWCH100",0.145202896520122
"WRIVP","HSLWP",0.529435942324143
"WRIVP","ISAPCDH",0.00229443834714878
"WRIVP","ISAPCH100",0.000170839355175197
"WRIVP","L130",-0.0274686899053746
"WRIVP","LRESIDENT",-0.313593948661878
"WRIVP","MCH500",0.179801699635679
"WRIVP","MDITCH500",0.0295286895339969
"WRIVP","MDITCV10",0.0220130129166081
"WRIVP","OBWP",-0.0809894722344243
"WRIVP","RDDEND10",-0.166521786461626
"WRIVP","RDP",-0.0132414096354065
"WRIVP","SAGE3",-0.107794404137191
"WRIVP","SAGE5",-0.0932931093006927
"WRIVP","SAGESAN2",-0.0301428763051603
"WRIVP","SAGESAN4",-0.0411385608923843
"WRIVP","SAGESAND2",-0.0526875307883689
"WRIVP","SAGESTR4",-0.0432284984934875
"WRIVP","SDEN",-0.220246538827212
"WRIVP","SDIASAN1",-0.0195779516187518
"WRIVP","SDIASAN2",-0.115411158941894
"WRIVP","SDIASAND3",-0.0690736721018728
"WRIVP","SDIASTR1",-0.00109405616860151
"WRIVP","SPAGE3",-0.10755423844905
"WRIVP","SPAGECOM4",-0.0747776954089409
"WRIVP","SPAGESAN2",-0.0153624223664594
"WRIVP","SPAGESTR2",-0.0355810830970761
"WRIVP","SPAGESTR4",-0.0340300256206609
"WRIVP","SPDIA3",-0.156579077138931
"WRIVP","SPDIA4",-0.118945781972754
"WRIVP","SPDIASAN2",-0.1075174029908
"WRIVP","SPDIASTR5",-0.0503566150832945
"WRIVP","SSHCTNUM",-0.270764114067032
"WRIVP","T20_2000SD",-0.116330067278928
"WRIVP","WLAKCH500P",-0.271249801699283
"WRIVP","WOTHCH500P",-0.304730925888283
"WRIVP","WRIVCV20P",-0.245755722251551
"WRIVP","WRIVEDH",-0.387668602254707
"WRIVP","WRIVP",1
