"VARSET2","CLASS2","VARNAMES2","MEANS2"
1,0,"SSH7_25",0.130702836004932
1,1,"SSH7_25",0.274438812454743
2,0,"SPDIASTRC",1.30826140567201
2,1,"SPDIASTRC",1.56408399710355
2,0,"SSH7_25",0.130702836004932
2,1,"SSH7_25",0.274438812454743
3,0,"L039",0.0104808877928483
3,1,"L039",0.0492396813902969
3,0,"SPDIASTRC",1.30826140567201
3,1,"SPDIASTRC",1.56408399710355
3,0,"SSH7_25",0.130702836004932
3,1,"SSH7_25",0.274438812454743
4,0,"L039",0.0104808877928483
4,1,"L039",0.0492396813902969
4,0,"RDDEN",0.0357690875462392
4,1,"RDDEN",0.0329483091962346
4,0,"SPDIASTRC",1.30826140567201
4,1,"SPDIASTRC",1.56408399710355
4,0,"SSH7_25",0.130702836004932
4,1,"SSH7_25",0.274438812454743
5,0,"L039",0.0104808877928483
5,1,"L039",0.0492396813902969
5,0,"RDDEND1",0.500616522811344
5,1,"RDDEND1",0.429398986241854
5,0,"SPDIASTRC",1.30826140567201
5,1,"SPDIASTRC",1.56408399710355
5,0,"SSH7_25",0.130702836004932
5,1,"SSH7_25",0.274438812454743
6,0,"L039",0.0104808877928483
6,1,"L039",0.0492396813902969
6,0,"OICP",0.381011097410604
6,1,"OICP",0.485155684286749
6,0,"SPDIASTRC",1.30826140567201
6,1,"SPDIASTRC",1.56408399710355
6,0,"SSH7_25",0.130702836004932
6,1,"SSH7_25",0.274438812454743
7,0,"L039",0.0104808877928483
7,1,"L039",0.0492396813902969
7,0,"RDDEN",0.0357690875462392
7,1,"RDDEN",0.0329483091962346
7,0,"RDP",0.875462392108508
7,1,"RDP",0.923968139029689
7,0,"SPDIASTRC",1.30826140567201
7,1,"SPDIASTRC",1.56408399710355
7,0,"SSH7_25",0.130702836004932
7,1,"SSH7_25",0.274438812454743
8,0,"L039",0.0104808877928483
8,1,"L039",0.0492396813902969
8,0,"OICP",0.381011097410604
8,1,"OICP",0.485155684286749
8,0,"SLOPSTR1",0.0359819949198238
8,1,"SLOPSTR1",0.0348719320600704
8,0,"SPDIASTRC",1.30826140567201
8,1,"SPDIASTRC",1.56408399710355
8,0,"SSH7_25",0.130702836004932
8,1,"SSH7_25",0.274438812454743
9,0,"BLDADEN",0.219108679613829
9,1,"BLDADEN",0.22872441890272
9,0,"L039",0.0104808877928483
9,1,"L039",0.0492396813902969
9,0,"RDDEN",0.0357690875462392
9,1,"RDDEN",0.0329483091962346
9,0,"RDP",0.875462392108508
9,1,"RDP",0.923968139029689
9,0,"SPDIASTRC",1.30826140567201
9,1,"SPDIASTRC",1.56408399710355
9,0,"SSH7_25",0.130702836004932
9,1,"SSH7_25",0.274438812454743
10,0,"L039",0.0104808877928483
10,1,"L039",0.0492396813902969
10,0,"OICP",0.381011097410604
10,1,"OICP",0.485155684286749
10,0,"RDDEN",0.0357690875462392
10,1,"RDDEN",0.0329483091962346
10,0,"RDP",0.875462392108508
10,1,"RDP",0.923968139029689
10,0,"SPDIASTRC",1.30826140567201
10,1,"SPDIASTRC",1.56408399710355
10,0,"SSH7_25",0.130702836004932
10,1,"SSH7_25",0.274438812454743
11,0,"BLDADEN",0.219108679613829
11,1,"BLDADEN",0.22872441890272
11,0,"L039",0.0104808877928483
11,1,"L039",0.0492396813902969
11,0,"OICP",0.381011097410604
11,1,"OICP",0.485155684286749
11,0,"RDDEN",0.0357690875462392
11,1,"RDDEN",0.0329483091962346
11,0,"RDP",0.875462392108508
11,1,"RDP",0.923968139029689
11,0,"SPDIASTRC",1.30826140567201
11,1,"SPDIASTRC",1.56408399710355
11,0,"SSH7_25",0.130702836004932
11,1,"SSH7_25",0.274438812454743
12,0,"L039",0.0104808877928483
12,1,"L039",0.0492396813902969
12,0,"OICP",0.381011097410604
12,1,"OICP",0.485155684286749
12,0,"PCLDEND1",0.237361282367448
12,1,"PCLDEND1",0.169442433019551
12,0,"RDDEN",0.0357690875462392
12,1,"RDDEN",0.0329483091962346
12,0,"RDP",0.875462392108508
12,1,"RDP",0.923968139029689
12,0,"SPDIASTRC",1.30826140567201
12,1,"SPDIASTRC",1.56408399710355
12,0,"SSH7_25",0.130702836004932
12,1,"SSH7_25",0.274438812454743
13,0,"L039",0.0104808877928483
13,1,"L039",0.0492396813902969
13,0,"OICP",0.381011097410604
13,1,"OICP",0.485155684286749
13,0,"RDDEN",0.0357690875462392
13,1,"RDDEN",0.0329483091962346
13,0,"RDP",0.875462392108508
13,1,"RDP",0.923968139029689
13,0,"SAGESAND9",0.00597577373612824
13,1,"SAGESAND9",0.00328886531498914
13,0,"SPDIASTRC",1.30826140567201
13,1,"SPDIASTRC",1.56408399710355
13,0,"SSH7_25",0.130702836004932
13,1,"SSH7_25",0.274438812454743
14,0,"BLDADEN",0.219108679613829
14,1,"BLDADEN",0.22872441890272
14,0,"L039",0.0104808877928483
14,1,"L039",0.0492396813902969
14,0,"OICP",0.381011097410604
14,1,"OICP",0.485155684286749
14,0,"RDDEN",0.0357690875462392
14,1,"RDDEN",0.0329483091962346
14,0,"RDP",0.875462392108508
14,1,"RDP",0.923968139029689
14,0,"SAGESAND9",0.00597577373612824
14,1,"SAGESAND9",0.00328886531498914
14,0,"SPDIASTRC",1.30826140567201
14,1,"SPDIASTRC",1.56408399710355
14,0,"SSH7_25",0.130702836004932
14,1,"SSH7_25",0.274438812454743
15,0,"L039",0.0104808877928483
15,1,"L039",0.0492396813902969
15,0,"OICP",0.381011097410604
15,1,"OICP",0.485155684286749
15,0,"PCLDEND1",0.237361282367448
15,1,"PCLDEND1",0.169442433019551
15,0,"RDDEN",0.0357690875462392
15,1,"RDDEN",0.0329483091962346
15,0,"RDP",0.875462392108508
15,1,"RDP",0.923968139029689
15,0,"SAGESAND9",0.00597577373612824
15,1,"SAGESAND9",0.00328886531498914
15,0,"SPDIASTRC",1.30826140567201
15,1,"SPDIASTRC",1.56408399710355
15,0,"SSH7_25",0.130702836004932
15,1,"SSH7_25",0.274438812454743
16,0,"L039",0.0104808877928483
16,1,"L039",0.0492396813902969
16,0,"OICP",0.381011097410604
16,1,"OICP",0.485155684286749
16,0,"PCLDEND1",0.237361282367448
16,1,"PCLDEND1",0.169442433019551
16,0,"RDDEN",0.0357690875462392
16,1,"RDDEN",0.0329483091962346
16,0,"RDP",0.875462392108508
16,1,"RDP",0.923968139029689
16,0,"SLOPSTR1",0.0359819949198238
16,1,"SLOPSTR1",0.0348719320600704
16,0,"SPDIASTRC",1.30826140567201
16,1,"SPDIASTRC",1.56408399710355
16,0,"SSH7_25",0.130702836004932
16,1,"SSH7_25",0.274438812454743
17,0,"BLDADEN",0.219108679613829
17,1,"BLDADEN",0.22872441890272
17,0,"L039",0.0104808877928483
17,1,"L039",0.0492396813902969
17,0,"OICP",0.381011097410604
17,1,"OICP",0.485155684286749
17,0,"RDDEN",0.0357690875462392
17,1,"RDDEN",0.0329483091962346
17,0,"RDP",0.875462392108508
17,1,"RDP",0.923968139029689
17,0,"SAGESAND9",0.00597577373612824
17,1,"SAGESAND9",0.00328886531498914
17,0,"SPDIASTRC",1.30826140567201
17,1,"SPDIASTRC",1.56408399710355
17,0,"SSH7_25",0.130702836004932
17,1,"SSH7_25",0.274438812454743
17,0,"T20_1800SD",13.8180298264012
17,1,"T20_1800SD",21.6282123972377
18,0,"BLDADEN",0.219108679613829
18,1,"BLDADEN",0.22872441890272
18,0,"BLDDEND1",0.280517879161529
18,1,"BLDDEND1",0.264301230992035
18,0,"L039",0.0104808877928483
18,1,"L039",0.0492396813902969
18,0,"OICP",0.381011097410604
18,1,"OICP",0.485155684286749
18,0,"RDDEN",0.0357690875462392
18,1,"RDDEN",0.0329483091962346
18,0,"RDP",0.875462392108508
18,1,"RDP",0.923968139029689
18,0,"SAGESAND9",0.00597577373612824
18,1,"SAGESAND9",0.00328886531498914
18,0,"SPDIASTRC",1.30826140567201
18,1,"SPDIASTRC",1.56408399710355
18,0,"SSH7_25",0.130702836004932
18,1,"SSH7_25",0.274438812454743
19,0,"BLDADEN",0.219108679613829
19,1,"BLDADEN",0.22872441890272
19,0,"L039",0.0104808877928483
19,1,"L039",0.0492396813902969
19,0,"OICP",0.381011097410604
19,1,"OICP",0.485155684286749
19,0,"RDDEN",0.0357690875462392
19,1,"RDDEN",0.0329483091962346
19,0,"RDP",0.875462392108508
19,1,"RDP",0.923968139029689
19,0,"SLOPSTR1",0.0359819949198238
19,1,"SLOPSTR1",0.0348719320600704
19,0,"SPAGESAN3",0.625154130702836
19,1,"SPAGESAN3",0.694424330195511
19,0,"SPDIASTRC",1.30826140567201
19,1,"SPDIASTRC",1.56408399710355
19,0,"SSH7_25",0.130702836004932
19,1,"SSH7_25",0.274438812454743
20,0,"BLDADEN",0.219108679613829
20,1,"BLDADEN",0.22872441890272
20,0,"GWTRTB1YB",0.00369913686806412
20,1,"GWTRTB1YB",0.000724112961622013
20,0,"L039",0.0104808877928483
20,1,"L039",0.0492396813902969
20,0,"OICP",0.381011097410604
20,1,"OICP",0.485155684286749
20,0,"RDDEN",0.0357690875462392
20,1,"RDDEN",0.0329483091962346
20,0,"RDP",0.875462392108508
20,1,"RDP",0.923968139029689
20,0,"SAGESAND9",0.00597577373612824
20,1,"SAGESAND9",0.00328886531498914
20,0,"SPDIASTRC",1.30826140567201
20,1,"SPDIASTRC",1.56408399710355
20,0,"SSH7_25",0.130702836004932
20,1,"SSH7_25",0.274438812454743
21,0,"GWTRTB4YU",0.777435265104809
21,1,"GWTRTB4YU",0.651701665459812
21,0,"L032",0.284217016029593
21,1,"L032",0.21216509775525
21,0,"L039",0.0104808877928483
21,1,"L039",0.0492396813902969
21,0,"OICP",0.381011097410604
21,1,"OICP",0.485155684286749
21,0,"PCLDEND1",0.237361282367448
21,1,"PCLDEND1",0.169442433019551
21,0,"SAGESAND9",0.00597577373612824
21,1,"SAGESAND9",0.00328886531498914
21,0,"SLOPSTR1",0.0359819949198238
21,1,"SLOPSTR1",0.0348719320600704
21,0,"SPDIASTRC",1.30826140567201
21,1,"SPDIASTRC",1.56408399710355
21,0,"SSH7_25",0.130702836004932
21,1,"SSH7_25",0.274438812454743
22,0,"BLDADEN",0.219108679613829
22,1,"BLDADEN",0.22872441890272
22,0,"L039",0.0104808877928483
22,1,"L039",0.0492396813902969
22,0,"OICP",0.381011097410604
22,1,"OICP",0.485155684286749
22,0,"RDDEN",0.0357690875462392
22,1,"RDDEN",0.0329483091962346
22,0,"RDP",0.875462392108508
22,1,"RDP",0.923968139029689
22,0,"SAGESAND9",0.00597577373612824
22,1,"SAGESAND9",0.00328886531498914
22,0,"SDIASTRD10",0.000107414303329223
22,1,"SDIASTRD10",4.01622013034033e-05
22,0,"SPDIASTRC",1.30826140567201
22,1,"SPDIASTRC",1.56408399710355
22,0,"SSH7_25",0.130702836004932
22,1,"SSH7_25",0.274438812454743
23,0,"BLDADEN",0.219108679613829
23,1,"BLDADEN",0.22872441890272
23,0,"L039",0.0104808877928483
23,1,"L039",0.0492396813902969
23,0,"OICP",0.381011097410604
23,1,"OICP",0.485155684286749
23,0,"RDDEN",0.0357690875462392
23,1,"RDDEN",0.0329483091962346
23,0,"RDDEND2",0
23,1,"RDDEND2",0.00144822592324403
23,0,"RDP",0.875462392108508
23,1,"RDP",0.923968139029689
23,0,"SLOPSTR1",0.0359819949198238
23,1,"SLOPSTR1",0.0348719320600704
23,0,"SPAGESAN3",0.625154130702836
23,1,"SPAGESAN3",0.694424330195511
23,0,"SPDIASTRC",1.30826140567201
23,1,"SPDIASTRC",1.56408399710355
23,0,"SSH7_25",0.130702836004932
23,1,"SSH7_25",0.274438812454743
24,0,"BLDADEN",0.219108679613829
24,1,"BLDADEN",0.22872441890272
24,0,"L039",0.0104808877928483
24,1,"L039",0.0492396813902969
24,0,"OICP",0.381011097410604
24,1,"OICP",0.485155684286749
24,0,"RDDEN",0.0357690875462392
24,1,"RDDEN",0.0329483091962346
24,0,"RDDEND2",0
24,1,"RDDEND2",0.00144822592324403
24,0,"RDP",0.875462392108508
24,1,"RDP",0.923968139029689
24,0,"SAGESAND9",0.00597577373612824
24,1,"SAGESAND9",0.00328886531498914
24,0,"SLOPSTR1",0.0359819949198238
24,1,"SLOPSTR1",0.0348719320600704
24,0,"SPDIASTRC",1.30826140567201
24,1,"SPDIASTRC",1.56408399710355
24,0,"SSH7_25",0.130702836004932
24,1,"SSH7_25",0.274438812454743
25,0,"BLDADEN",0.219108679613829
25,1,"BLDADEN",0.22872441890272
25,0,"L039",0.0104808877928483
25,1,"L039",0.0492396813902969
25,0,"OICP",0.381011097410604
25,1,"OICP",0.485155684286749
25,0,"PCLDEND1",0.237361282367448
25,1,"PCLDEND1",0.169442433019551
25,0,"RDDEN",0.0357690875462392
25,1,"RDDEN",0.0329483091962346
25,0,"RDP",0.875462392108508
25,1,"RDP",0.923968139029689
25,0,"SAGESAND9",0.00597577373612824
25,1,"SAGESAND9",0.00328886531498914
25,0,"SLOPSTR1",0.0359819949198238
25,1,"SLOPSTR1",0.0348719320600704
25,0,"SPDIASTRC",1.30826140567201
25,1,"SPDIASTRC",1.56408399710355
25,0,"SSH7_25",0.130702836004932
25,1,"SSH7_25",0.274438812454743
26,0,"BLDADEND0",0.0166461159062885
26,1,"BLDADEND0",0.0101375814627082
26,0,"L039",0.0104808877928483
26,1,"L039",0.0492396813902969
26,0,"OICP",0.381011097410604
26,1,"OICP",0.485155684286749
26,0,"PCLDEND1",0.237361282367448
26,1,"PCLDEND1",0.169442433019551
26,0,"RDDEN",0.0357690875462392
26,1,"RDDEN",0.0329483091962346
26,0,"RDP",0.875462392108508
26,1,"RDP",0.923968139029689
26,0,"SAGESAND9",0.00597577373612824
26,1,"SAGESAND9",0.00328886531498914
26,0,"SLOPSTR1",0.0359819949198238
26,1,"SLOPSTR1",0.0348719320600704
26,0,"SPDIASTRC",1.30826140567201
26,1,"SPDIASTRC",1.56408399710355
26,0,"SSH7_25",0.130702836004932
26,1,"SSH7_25",0.274438812454743
27,0,"BLDADEN",0.219108679613829
27,1,"BLDADEN",0.22872441890272
27,0,"BLDDEND1",0.280517879161529
27,1,"BLDDEND1",0.264301230992035
27,0,"L039",0.0104808877928483
27,1,"L039",0.0492396813902969
27,0,"OICP",0.381011097410604
27,1,"OICP",0.485155684286749
27,0,"PCLDEND1",0.237361282367448
27,1,"PCLDEND1",0.169442433019551
27,0,"RDDEN",0.0357690875462392
27,1,"RDDEN",0.0329483091962346
27,0,"RDP",0.875462392108508
27,1,"RDP",0.923968139029689
27,0,"SAGESAND9",0.00597577373612824
27,1,"SAGESAND9",0.00328886531498914
27,0,"SLOPSTR1",0.0359819949198238
27,1,"SLOPSTR1",0.0348719320600704
27,0,"SPDIASTRC",1.30826140567201
27,1,"SPDIASTRC",1.56408399710355
27,0,"SSH7_25",0.130702836004932
27,1,"SSH7_25",0.274438812454743
28,0,"BLDADEN",0.219108679613829
28,1,"BLDADEN",0.22872441890272
28,0,"GWTRTB4YU",0.777435265104809
28,1,"GWTRTB4YU",0.651701665459812
28,0,"L039",0.0104808877928483
28,1,"L039",0.0492396813902969
28,0,"OICP",0.381011097410604
28,1,"OICP",0.485155684286749
28,0,"PCLDEND1",0.237361282367448
28,1,"PCLDEND1",0.169442433019551
28,0,"RDDEN",0.0357690875462392
28,1,"RDDEN",0.0329483091962346
28,0,"RDP",0.875462392108508
28,1,"RDP",0.923968139029689
28,0,"SAGESAND9",0.00597577373612824
28,1,"SAGESAND9",0.00328886531498914
28,0,"SLOPSTR1",0.0359819949198238
28,1,"SLOPSTR1",0.0348719320600704
28,0,"SPDIASTRC",1.30826140567201
28,1,"SPDIASTRC",1.56408399710355
28,0,"SSH7_25",0.130702836004932
28,1,"SSH7_25",0.274438812454743
29,0,"BLDADEN",0.219108679613829
29,1,"BLDADEN",0.22872441890272
29,0,"L039",0.0104808877928483
29,1,"L039",0.0492396813902969
29,0,"OICP",0.381011097410604
29,1,"OICP",0.485155684286749
29,0,"PCLDEND1",0.237361282367448
29,1,"PCLDEND1",0.169442433019551
29,0,"RDDEN",0.0357690875462392
29,1,"RDDEN",0.0329483091962346
29,0,"RDP",0.875462392108508
29,1,"RDP",0.923968139029689
29,0,"SAGESAND9",0.00597577373612824
29,1,"SAGESAND9",0.00328886531498914
29,0,"SLOPSTR1",0.0359819949198238
29,1,"SLOPSTR1",0.0348719320600704
29,0,"SPDIASTRC",1.30826140567201
29,1,"SPDIASTRC",1.56408399710355
29,0,"SSH7_25",0.130702836004932
29,1,"SSH7_25",0.274438812454743
29,0,"T20_1800SD",13.8180298264012
29,1,"T20_1800SD",21.6282123972377
30,0,"BLDADEN",0.219108679613829
30,1,"BLDADEN",0.22872441890272
30,0,"L039",0.0104808877928483
30,1,"L039",0.0492396813902969
30,0,"OICP",0.381011097410604
30,1,"OICP",0.485155684286749
30,0,"PCLDEND1",0.237361282367448
30,1,"PCLDEND1",0.169442433019551
30,0,"RDDEN",0.0357690875462392
30,1,"RDDEN",0.0329483091962346
30,0,"RDP",0.875462392108508
30,1,"RDP",0.923968139029689
30,0,"SAGESAND9",0.00597577373612824
30,1,"SAGESAND9",0.00328886531498914
30,0,"SDIASAN4",0.00022097069399192
30,1,"SDIASAN4",7.06587074753038e-05
30,0,"SLOPSTR1",0.0359819949198238
30,1,"SLOPSTR1",0.0348719320600704
30,0,"SPDIASTRC",1.30826140567201
30,1,"SPDIASTRC",1.56408399710355
30,0,"SSH7_25",0.130702836004932
30,1,"SSH7_25",0.274438812454743
31,0,"BLDADEN",0.219108679613829
31,1,"BLDADEN",0.22872441890272
31,0,"HBNKP",0
31,1,"HBNKP",0.00217233888486604
31,0,"L039",0.0104808877928483
31,1,"L039",0.0492396813902969
31,0,"OICP",0.381011097410604
31,1,"OICP",0.485155684286749
31,0,"PCLDEND1",0.237361282367448
31,1,"PCLDEND1",0.169442433019551
31,0,"RDDEN",0.0357690875462392
31,1,"RDDEN",0.0329483091962346
31,0,"RDP",0.875462392108508
31,1,"RDP",0.923968139029689
31,0,"SAGESAND9",0.00597577373612824
31,1,"SAGESAND9",0.00328886531498914
31,0,"SLOPSTR1",0.0359819949198238
31,1,"SLOPSTR1",0.0348719320600704
31,0,"SPDIASTRC",1.30826140567201
31,1,"SPDIASTRC",1.56408399710355
31,0,"SSH7_25",0.130702836004932
31,1,"SSH7_25",0.274438812454743
32,0,"BLDADEN",0.219108679613829
32,1,"BLDADEN",0.22872441890272
32,0,"L032",0.284217016029593
32,1,"L032",0.21216509775525
32,0,"L039",0.0104808877928483
32,1,"L039",0.0492396813902969
32,0,"OICP",0.381011097410604
32,1,"OICP",0.485155684286749
32,0,"PCLDEND1",0.237361282367448
32,1,"PCLDEND1",0.169442433019551
32,0,"RDDEN",0.0357690875462392
32,1,"RDDEN",0.0329483091962346
32,0,"RDP",0.875462392108508
32,1,"RDP",0.923968139029689
32,0,"SAGESAND9",0.00597577373612824
32,1,"SAGESAND9",0.00328886531498914
32,0,"SPAGESTR3",0.821208384710234
32,1,"SPAGESTR3",0.826937002172339
32,0,"SPDIASTRC",1.30826140567201
32,1,"SPDIASTRC",1.56408399710355
32,0,"SSH7_25",0.130702836004932
32,1,"SSH7_25",0.274438812454743
33,0,"BLDADEN",0.219108679613829
33,1,"BLDADEN",0.22872441890272
33,0,"L039",0.0104808877928483
33,1,"L039",0.0492396813902969
33,0,"OICP",0.381011097410604
33,1,"OICP",0.485155684286749
33,0,"PCLDEND1",0.237361282367448
33,1,"PCLDEND1",0.169442433019551
33,0,"RDDEN",0.0357690875462392
33,1,"RDDEN",0.0329483091962346
33,0,"RDP",0.875462392108508
33,1,"RDP",0.923968139029689
33,0,"SAGESAND9",0.00597577373612824
33,1,"SAGESAND9",0.00328886531498914
33,0,"SLOPSTR1",0.0359819949198238
33,1,"SLOPSTR1",0.0348719320600704
33,0,"SPDIASAN1",0.917385943279901
33,1,"SPDIASAN1",0.944967414916727
33,0,"SPDIASTRC",1.30826140567201
33,1,"SPDIASTRC",1.56408399710355
33,0,"SSH7_25",0.130702836004932
33,1,"SSH7_25",0.274438812454743
34,0,"BLDADEN",0.219108679613829
34,1,"BLDADEN",0.22872441890272
34,0,"BLDADEND0",0.0166461159062885
34,1,"BLDADEND0",0.0101375814627082
34,0,"L039",0.0104808877928483
34,1,"L039",0.0492396813902969
34,0,"OICP",0.381011097410604
34,1,"OICP",0.485155684286749
34,0,"PCLDEND1",0.237361282367448
34,1,"PCLDEND1",0.169442433019551
34,0,"RDDEN",0.0357690875462392
34,1,"RDDEN",0.0329483091962346
34,0,"RDP",0.875462392108508
34,1,"RDP",0.923968139029689
34,0,"SAGESAND9",0.00597577373612824
34,1,"SAGESAND9",0.00328886531498914
34,0,"SLOPSTR1",0.0359819949198238
34,1,"SLOPSTR1",0.0348719320600704
34,0,"SPDIASTRC",1.30826140567201
34,1,"SPDIASTRC",1.56408399710355
34,0,"SSH7_25",0.130702836004932
34,1,"SSH7_25",0.274438812454743
35,0,"BLDADEN",0.219108679613829
35,1,"BLDADEN",0.22872441890272
35,0,"BLDADEND0",0.0166461159062885
35,1,"BLDADEND0",0.0101375814627082
35,0,"BLDDENI",590.65639858835
35,1,"BLDDENI",648.321085174511
35,0,"L039",0.0104808877928483
35,1,"L039",0.0492396813902969
35,0,"L060",0.00246609124537608
35,1,"L060",0
35,0,"OICP",0.381011097410604
35,1,"OICP",0.485155684286749
35,0,"PCLDEND1",0.237361282367448
35,1,"PCLDEND1",0.169442433019551
35,0,"RDP",0.875462392108508
35,1,"RDP",0.923968139029689
35,0,"SAGESAND9",0.00597577373612824
35,1,"SAGESAND9",0.00328886531498914
35,0,"SLOPSTR1",0.0359819949198238
35,1,"SLOPSTR1",0.0348719320600704
35,0,"SPDIASTRC",1.30826140567201
35,1,"SPDIASTRC",1.56408399710355
35,0,"SSH7_25",0.130702836004932
35,1,"SSH7_25",0.274438812454743
36,0,"BLDADEN",0.219108679613829
36,1,"BLDADEN",0.22872441890272
36,0,"BLDADEND0",0.0166461159062885
36,1,"BLDADEND0",0.0101375814627082
36,0,"BLDDEND1",0.280517879161529
36,1,"BLDDEND1",0.264301230992035
36,0,"BLDDENI",590.65639858835
36,1,"BLDDENI",648.321085174511
36,0,"L039",0.0104808877928483
36,1,"L039",0.0492396813902969
36,0,"L060",0.00246609124537608
36,1,"L060",0
36,0,"OICP",0.381011097410604
36,1,"OICP",0.485155684286749
36,0,"PCLDEND1",0.237361282367448
36,1,"PCLDEND1",0.169442433019551
36,0,"RDP",0.875462392108508
36,1,"RDP",0.923968139029689
36,0,"SAGESAND9",0.00597577373612824
36,1,"SAGESAND9",0.00328886531498914
36,0,"SLOPSTR1",0.0359819949198238
36,1,"SLOPSTR1",0.0348719320600704
36,0,"SPDIASTRC",1.30826140567201
36,1,"SPDIASTRC",1.56408399710355
36,0,"SSH7_25",0.130702836004932
36,1,"SSH7_25",0.274438812454743
37,0,"BLDADEN",0.219108679613829
37,1,"BLDADEN",0.22872441890272
37,0,"L039",0.0104808877928483
37,1,"L039",0.0492396813902969
37,0,"OICP",0.381011097410604
37,1,"OICP",0.485155684286749
37,0,"PCLDEND1",0.237361282367448
37,1,"PCLDEND1",0.169442433019551
37,0,"RDDEND1",0.500616522811344
37,1,"RDDEND1",0.429398986241854
37,0,"RDP",0.875462392108508
37,1,"RDP",0.923968139029689
37,0,"SAGESAND9",0.00597577373612824
37,1,"SAGESAND9",0.00328886531498914
37,0,"SAGESTRD8",0.00348786744759556
37,1,"SAGESTRD8",0.00222033454018827
37,0,"SLOPSTR1",0.0359819949198238
37,1,"SLOPSTR1",0.0348719320600704
37,0,"SPAGESTR2",0.189272503082614
37,1,"SPAGESTR2",0.255611875452571
37,0,"SPDIASTRC",1.30826140567201
37,1,"SPDIASTRC",1.56408399710355
37,0,"SSH7_25",0.130702836004932
37,1,"SSH7_25",0.274438812454743
37,0,"T20_1800SD",13.8180298264012
37,1,"T20_1800SD",21.6282123972377
38,0,"BLDADEN",0.219108679613829
38,1,"BLDADEN",0.22872441890272
38,0,"BLDDENI",590.65639858835
38,1,"BLDDENI",648.321085174511
38,0,"L039",0.0104808877928483
38,1,"L039",0.0492396813902969
38,0,"L060",0.00246609124537608
38,1,"L060",0
38,0,"OICP",0.381011097410604
38,1,"OICP",0.485155684286749
38,0,"PCLDEND1",0.237361282367448
38,1,"PCLDEND1",0.169442433019551
38,0,"RDDEN",0.0357690875462392
38,1,"RDDEN",0.0329483091962346
38,0,"RDDEND2",0
38,1,"RDDEND2",0.00144822592324403
38,0,"RDP",0.875462392108508
38,1,"RDP",0.923968139029689
38,0,"SAGESAND9",0.00597577373612824
38,1,"SAGESAND9",0.00328886531498914
38,0,"SLOPSTR1",0.0359819949198238
38,1,"SLOPSTR1",0.0348719320600704
38,0,"SPDIASTRC",1.30826140567201
38,1,"SPDIASTRC",1.56408399710355
38,0,"SSH7_25",0.130702836004932
38,1,"SSH7_25",0.274438812454743
39,0,"BLDADEN",0.219108679613829
39,1,"BLDADEN",0.22872441890272
39,0,"BLDADEND0",0.0166461159062885
39,1,"BLDADEND0",0.0101375814627082
39,0,"BLDDENI",590.65639858835
39,1,"BLDDENI",648.321085174511
39,0,"L039",0.0104808877928483
39,1,"L039",0.0492396813902969
39,0,"L060",0.00246609124537608
39,1,"L060",0
39,0,"OICP",0.381011097410604
39,1,"OICP",0.485155684286749
39,0,"PCLDEND1",0.237361282367448
39,1,"PCLDEND1",0.169442433019551
39,0,"RDDEN",0.0357690875462392
39,1,"RDDEN",0.0329483091962346
39,0,"RDDEND2",0
39,1,"RDDEND2",0.00144822592324403
39,0,"RDP",0.875462392108508
39,1,"RDP",0.923968139029689
39,0,"SAGESAND9",0.00597577373612824
39,1,"SAGESAND9",0.00328886531498914
39,0,"SPDIASTRC",1.30826140567201
39,1,"SPDIASTRC",1.56408399710355
39,0,"SSH7_25",0.130702836004932
39,1,"SSH7_25",0.274438812454743
40,0,"BLDADEN",0.219108679613829
40,1,"BLDADEN",0.22872441890272
40,0,"BLDADEND0",0.0166461159062885
40,1,"BLDADEND0",0.0101375814627082
40,0,"BLDDENI",590.65639858835
40,1,"BLDDENI",648.321085174511
40,0,"L039",0.0104808877928483
40,1,"L039",0.0492396813902969
40,0,"L060",0.00246609124537608
40,1,"L060",0
40,0,"OICP",0.381011097410604
40,1,"OICP",0.485155684286749
40,0,"PCLDEND1",0.237361282367448
40,1,"PCLDEND1",0.169442433019551
40,0,"RDDEND1",0.500616522811344
40,1,"RDDEND1",0.429398986241854
40,0,"RDP",0.875462392108508
40,1,"RDP",0.923968139029689
40,0,"SAGESAND9",0.00597577373612824
40,1,"SAGESAND9",0.00328886531498914
40,0,"SLOPSTR1",0.0359819949198238
40,1,"SLOPSTR1",0.0348719320600704
40,0,"SPDIASTRC",1.30826140567201
40,1,"SPDIASTRC",1.56408399710355
40,0,"SSH7_25",0.130702836004932
40,1,"SSH7_25",0.274438812454743
41,0,"BLDADEN",0.219108679613829
41,1,"BLDADEN",0.22872441890272
41,0,"BLDADEND0",0.0166461159062885
41,1,"BLDADEND0",0.0101375814627082
41,0,"BLDDENI",590.65639858835
41,1,"BLDDENI",648.321085174511
41,0,"L039",0.0104808877928483
41,1,"L039",0.0492396813902969
41,0,"L060",0.00246609124537608
41,1,"L060",0
41,0,"OICP",0.381011097410604
41,1,"OICP",0.485155684286749
41,0,"PCLDEND1",0.237361282367448
41,1,"PCLDEND1",0.169442433019551
41,0,"RDDEN",0.0357690875462392
41,1,"RDDEN",0.0329483091962346
41,0,"RDP",0.875462392108508
41,1,"RDP",0.923968139029689
41,0,"SAGESAND9",0.00597577373612824
41,1,"SAGESAND9",0.00328886531498914
41,0,"SLOPSTR1",0.0359819949198238
41,1,"SLOPSTR1",0.0348719320600704
41,0,"SPDIASTRC",1.30826140567201
41,1,"SPDIASTRC",1.56408399710355
41,0,"SSH7_25",0.130702836004932
41,1,"SSH7_25",0.274438812454743
42,0,"GWTRTB4YU",0.777435265104809
42,1,"GWTRTB4YU",0.651701665459812
42,0,"L039",0.0104808877928483
42,1,"L039",0.0492396813902969
42,0,"L060",0.00246609124537608
42,1,"L060",0
42,0,"OICP",0.381011097410604
42,1,"OICP",0.485155684286749
42,0,"PCLDEND1",0.237361282367448
42,1,"PCLDEND1",0.169442433019551
42,0,"RDDEN",0.0357690875462392
42,1,"RDDEN",0.0329483091962346
42,0,"RDDEND2",0
42,1,"RDDEND2",0.00144822592324403
42,0,"RDP",0.875462392108508
42,1,"RDP",0.923968139029689
42,0,"SAGESAND9",0.00597577373612824
42,1,"SAGESAND9",0.00328886531498914
42,0,"SLOPSTR1",0.0359819949198238
42,1,"SLOPSTR1",0.0348719320600704
42,0,"SPAGESAN1",0.0172626387176326
42,1,"SPAGESAN1",0.0152063721940623
42,0,"SPDIASTRC",1.30826140567201
42,1,"SPDIASTRC",1.56408399710355
42,0,"SSH7_25",0.130702836004932
42,1,"SSH7_25",0.274438812454743
42,0,"T20_1800SD",13.8180298264012
42,1,"T20_1800SD",21.6282123972377
43,0,"BLDADEN",0.219108679613829
43,1,"BLDADEN",0.22872441890272
43,0,"BLDADEND0",0.0166461159062885
43,1,"BLDADEND0",0.0101375814627082
43,0,"BLDDENI",590.65639858835
43,1,"BLDDENI",648.321085174511
43,0,"L039",0.0104808877928483
43,1,"L039",0.0492396813902969
43,0,"L060",0.00246609124537608
43,1,"L060",0
43,0,"OICP",0.381011097410604
43,1,"OICP",0.485155684286749
43,0,"PCLDEND1",0.237361282367448
43,1,"PCLDEND1",0.169442433019551
43,0,"RDDEN",0.0357690875462392
43,1,"RDDEN",0.0329483091962346
43,0,"RDDEND2",0
43,1,"RDDEND2",0.00144822592324403
43,0,"RDP",0.875462392108508
43,1,"RDP",0.923968139029689
43,0,"SAGESAND9",0.00597577373612824
43,1,"SAGESAND9",0.00328886531498914
43,0,"SLOPSTR1",0.0359819949198238
43,1,"SLOPSTR1",0.0348719320600704
43,0,"SPDIASTRC",1.30826140567201
43,1,"SPDIASTRC",1.56408399710355
43,0,"SSH7_25",0.130702836004932
43,1,"SSH7_25",0.274438812454743
44,0,"BLDADEN",0.219108679613829
44,1,"BLDADEN",0.22872441890272
44,0,"BLDADEND0",0.0166461159062885
44,1,"BLDADEND0",0.0101375814627082
44,0,"BLDDEND1",0.280517879161529
44,1,"BLDDEND1",0.264301230992035
44,0,"BLDDENI",590.65639858835
44,1,"BLDDENI",648.321085174511
44,0,"L060",0.00246609124537608
44,1,"L060",0
44,0,"OICP",0.381011097410604
44,1,"OICP",0.485155684286749
44,0,"PCLDEND0",0.0295930949445129
44,1,"PCLDEND0",0.0637219406227371
44,0,"PCLDEND1",0.237361282367448
44,1,"PCLDEND1",0.169442433019551
44,0,"RDDEN",0.0357690875462392
44,1,"RDDEN",0.0329483091962346
44,0,"RDP",0.875462392108508
44,1,"RDP",0.923968139029689
44,0,"SLOPSTR1",0.0359819949198238
44,1,"SLOPSTR1",0.0348719320600704
44,0,"SPAGESAN1",0.0172626387176326
44,1,"SPAGESAN1",0.0152063721940623
44,0,"SPDIASTRC",1.30826140567201
44,1,"SPDIASTRC",1.56408399710355
44,0,"SSH7_25",0.130702836004932
44,1,"SSH7_25",0.274438812454743
45,0,"BLDADEN",0.219108679613829
45,1,"BLDADEN",0.22872441890272
45,0,"BLDADEND0",0.0166461159062885
45,1,"BLDADEND0",0.0101375814627082
45,0,"BLDDENI",590.65639858835
45,1,"BLDDENI",648.321085174511
45,0,"L039",0.0104808877928483
45,1,"L039",0.0492396813902969
45,0,"L060",0.00246609124537608
45,1,"L060",0
45,0,"OICP",0.381011097410604
45,1,"OICP",0.485155684286749
45,0,"PCLDEND1",0.237361282367448
45,1,"PCLDEND1",0.169442433019551
45,0,"RDDEN",0.0357690875462392
45,1,"RDDEN",0.0329483091962346
45,0,"RDDEND2",0
45,1,"RDDEND2",0.00144822592324403
45,0,"RDP",0.875462392108508
45,1,"RDP",0.923968139029689
45,0,"SAGESAND9",0.00597577373612824
45,1,"SAGESAND9",0.00328886531498914
45,0,"SDIASTRD1",0.0102171522811344
45,1,"SDIASTRD1",0.0104797443881245
45,0,"SPDIASTRC",1.30826140567201
45,1,"SPDIASTRC",1.56408399710355
45,0,"SSH7_25",0.130702836004932
45,1,"SSH7_25",0.274438812454743
46,0,"BLDADEN",0.219108679613829
46,1,"BLDADEN",0.22872441890272
46,0,"BLDADEND0",0.0166461159062885
46,1,"BLDADEND0",0.0101375814627082
46,0,"BLDDENI",590.65639858835
46,1,"BLDDENI",648.321085174511
46,0,"L039",0.0104808877928483
46,1,"L039",0.0492396813902969
46,0,"OICP",0.381011097410604
46,1,"OICP",0.485155684286749
46,0,"PCLDEND1",0.237361282367448
46,1,"PCLDEND1",0.169442433019551
46,0,"RDDEN",0.0357690875462392
46,1,"RDDEN",0.0329483091962346
46,0,"RDDEND2",0
46,1,"RDDEND2",0.00144822592324403
46,0,"RDP",0.875462392108508
46,1,"RDP",0.923968139029689
46,0,"SAGESAND9",0.00597577373612824
46,1,"SAGESAND9",0.00328886531498914
46,0,"SDIASTRD1",0.0102171522811344
46,1,"SDIASTRD1",0.0104797443881245
46,0,"SLOPSTR1",0.0359819949198238
46,1,"SLOPSTR1",0.0348719320600704
46,0,"SPDIASTRC",1.30826140567201
46,1,"SPDIASTRC",1.56408399710355
46,0,"SSH7_25",0.130702836004932
46,1,"SSH7_25",0.274438812454743
47,0,"BLDADEN",0.219108679613829
47,1,"BLDADEN",0.22872441890272
47,0,"BLDDENI",590.65639858835
47,1,"BLDDENI",648.321085174511
47,0,"L039",0.0104808877928483
47,1,"L039",0.0492396813902969
47,0,"L060",0.00246609124537608
47,1,"L060",0
47,0,"OICP",0.381011097410604
47,1,"OICP",0.485155684286749
47,0,"PCLDEND1",0.237361282367448
47,1,"PCLDEND1",0.169442433019551
47,0,"RDDEN",0.0357690875462392
47,1,"RDDEN",0.0329483091962346
47,0,"RDDEND2",0
47,1,"RDDEND2",0.00144822592324403
47,0,"RDP",0.875462392108508
47,1,"RDP",0.923968139029689
47,0,"SAGESAND9",0.00597577373612824
47,1,"SAGESAND9",0.00328886531498914
47,0,"SLOPSTR1",0.0359819949198238
47,1,"SLOPSTR1",0.0348719320600704
47,0,"SPAGESAN1",0.0172626387176326
47,1,"SPAGESAN1",0.0152063721940623
47,0,"SPDIASTRC",1.30826140567201
47,1,"SPDIASTRC",1.56408399710355
47,0,"SSH24",0.064118372379778
47,1,"SSH24",0.0731354091238233
47,0,"SSH7_25",0.130702836004932
47,1,"SSH7_25",0.274438812454743
48,0,"BLDADEN",0.219108679613829
48,1,"BLDADEN",0.22872441890272
48,0,"BLDADEND0",0.0166461159062885
48,1,"BLDADEND0",0.0101375814627082
48,0,"BLDDENI",590.65639858835
48,1,"BLDDENI",648.321085174511
48,0,"L039",0.0104808877928483
48,1,"L039",0.0492396813902969
48,0,"L060",0.00246609124537608
48,1,"L060",0
48,0,"OICP",0.381011097410604
48,1,"OICP",0.485155684286749
48,0,"PCLDEND1",0.237361282367448
48,1,"PCLDEND1",0.169442433019551
48,0,"RDDEN",0.0357690875462392
48,1,"RDDEN",0.0329483091962346
48,0,"RDDEND2",0
48,1,"RDDEND2",0.00144822592324403
48,0,"RDP",0.875462392108508
48,1,"RDP",0.923968139029689
48,0,"SAGESAND9",0.00597577373612824
48,1,"SAGESAND9",0.00328886531498914
48,0,"SLOPSTR1",0.0359819949198238
48,1,"SLOPSTR1",0.0348719320600704
48,0,"SPAGESAN1",0.0172626387176326
48,1,"SPAGESAN1",0.0152063721940623
48,0,"SPDIASTRC",1.30826140567201
48,1,"SPDIASTRC",1.56408399710355
48,0,"SSH7_25",0.130702836004932
48,1,"SSH7_25",0.274438812454743
49,0,"BLDADEN",0.219108679613829
49,1,"BLDADEN",0.22872441890272
49,0,"BLDADEND0",0.0166461159062885
49,1,"BLDADEND0",0.0101375814627082
49,0,"BLDDEND1",0.280517879161529
49,1,"BLDDEND1",0.264301230992035
49,0,"BLDDENI",590.65639858835
49,1,"BLDDENI",648.321085174511
49,0,"L039",0.0104808877928483
49,1,"L039",0.0492396813902969
49,0,"L060",0.00246609124537608
49,1,"L060",0
49,0,"OICP",0.381011097410604
49,1,"OICP",0.485155684286749
49,0,"PCLDEND1",0.237361282367448
49,1,"PCLDEND1",0.169442433019551
49,0,"RDDEN",0.0357690875462392
49,1,"RDDEN",0.0329483091962346
49,0,"RDP",0.875462392108508
49,1,"RDP",0.923968139029689
49,0,"SAGESAND9",0.00597577373612824
49,1,"SAGESAND9",0.00328886531498914
49,0,"SLOPSTR1",0.0359819949198238
49,1,"SLOPSTR1",0.0348719320600704
49,0,"SPAGESAN1",0.0172626387176326
49,1,"SPAGESAN1",0.0152063721940623
49,0,"SPDIASTRC",1.30826140567201
49,1,"SPDIASTRC",1.56408399710355
49,0,"SSH7_25",0.130702836004932
49,1,"SSH7_25",0.274438812454743
50,0,"BLDADEN",0.219108679613829
50,1,"BLDADEN",0.22872441890272
50,0,"BLDADEND0",0.0166461159062885
50,1,"BLDADEND0",0.0101375814627082
50,0,"BLDDEND1",0.280517879161529
50,1,"BLDDEND1",0.264301230992035
50,0,"BLDDENI",590.65639858835
50,1,"BLDDENI",648.321085174511
50,0,"L039",0.0104808877928483
50,1,"L039",0.0492396813902969
50,0,"L060",0.00246609124537608
50,1,"L060",0
50,0,"OICP",0.381011097410604
50,1,"OICP",0.485155684286749
50,0,"PCLDEND1",0.237361282367448
50,1,"PCLDEND1",0.169442433019551
50,0,"RDDEN",0.0357690875462392
50,1,"RDDEN",0.0329483091962346
50,0,"RDDEND2",0
50,1,"RDDEND2",0.00144822592324403
50,0,"RDP",0.875462392108508
50,1,"RDP",0.923968139029689
50,0,"SAGESAND9",0.00597577373612824
50,1,"SAGESAND9",0.00328886531498914
50,0,"SDIASTRD1",0.0102171522811344
50,1,"SDIASTRD1",0.0104797443881245
50,0,"SPDIASTRC",1.30826140567201
50,1,"SPDIASTRC",1.56408399710355
50,0,"SSH7_25",0.130702836004932
50,1,"SSH7_25",0.274438812454743
51,0,"BLDADEN",0.219108679613829
51,1,"BLDADEN",0.22872441890272
51,0,"BLDDENI",590.65639858835
51,1,"BLDDENI",648.321085174511
51,0,"L039",0.0104808877928483
51,1,"L039",0.0492396813902969
51,0,"L060",0.00246609124537608
51,1,"L060",0
51,0,"OICP",0.381011097410604
51,1,"OICP",0.485155684286749
51,0,"PCLDEND1",0.237361282367448
51,1,"PCLDEND1",0.169442433019551
51,0,"RDDEN",0.0357690875462392
51,1,"RDDEN",0.0329483091962346
51,0,"RDDEND2",0
51,1,"RDDEND2",0.00144822592324403
51,0,"RDP",0.875462392108508
51,1,"RDP",0.923968139029689
51,0,"SAGESAND9",0.00597577373612824
51,1,"SAGESAND9",0.00328886531498914
51,0,"SLOPSTR1",0.0359819949198238
51,1,"SLOPSTR1",0.0348719320600704
51,0,"SPAGESAN1",0.0172626387176326
51,1,"SPAGESAN1",0.0152063721940623
51,0,"SPDIASTRC",1.30826140567201
51,1,"SPDIASTRC",1.56408399710355
51,0,"SSH1",0.0246609124537608
51,1,"SSH1",0.0123099203475742
51,0,"SSH7_25",0.130702836004932
51,1,"SSH7_25",0.274438812454743
52,0,"BLDADEN",0.219108679613829
52,1,"BLDADEN",0.22872441890272
52,0,"BLDADEND0",0.0166461159062885
52,1,"BLDADEND0",0.0101375814627082
52,0,"BLDDEND1",0.280517879161529
52,1,"BLDDEND1",0.264301230992035
52,0,"BLDDENI",590.65639858835
52,1,"BLDDENI",648.321085174511
52,0,"L039",0.0104808877928483
52,1,"L039",0.0492396813902969
52,0,"L060",0.00246609124537608
52,1,"L060",0
52,0,"OICP",0.381011097410604
52,1,"OICP",0.485155684286749
52,0,"PCLDEND1",0.237361282367448
52,1,"PCLDEND1",0.169442433019551
52,0,"RDDEND1",0.500616522811344
52,1,"RDDEND1",0.429398986241854
52,0,"RDP",0.875462392108508
52,1,"RDP",0.923968139029689
52,0,"SAGESAND9",0.00597577373612824
52,1,"SAGESAND9",0.00328886531498914
52,0,"SLOPSTR1",0.0359819949198238
52,1,"SLOPSTR1",0.0348719320600704
52,0,"SPAGESAN1",0.0172626387176326
52,1,"SPAGESAN1",0.0152063721940623
52,0,"SPDIASTRC",1.30826140567201
52,1,"SPDIASTRC",1.56408399710355
52,0,"SSH7_25",0.130702836004932
52,1,"SSH7_25",0.274438812454743
53,0,"BLDADEN",0.219108679613829
53,1,"BLDADEN",0.22872441890272
53,0,"BLDADEND0",0.0166461159062885
53,1,"BLDADEND0",0.0101375814627082
53,0,"BLDDENI",590.65639858835
53,1,"BLDDENI",648.321085174511
53,0,"L039",0.0104808877928483
53,1,"L039",0.0492396813902969
53,0,"L060",0.00246609124537608
53,1,"L060",0
53,0,"OICP",0.381011097410604
53,1,"OICP",0.485155684286749
53,0,"PCLDEND1",0.237361282367448
53,1,"PCLDEND1",0.169442433019551
53,0,"RDDEN",0.0357690875462392
53,1,"RDDEN",0.0329483091962346
53,0,"RDDEND2",0
53,1,"RDDEND2",0.00144822592324403
53,0,"RDP",0.875462392108508
53,1,"RDP",0.923968139029689
53,0,"SAGESAND9",0.00597577373612824
53,1,"SAGESAND9",0.00328886531498914
53,0,"SDIASTRD1",0.0102171522811344
53,1,"SDIASTRD1",0.0104797443881245
53,0,"SPAGESAN1",0.0172626387176326
53,1,"SPAGESAN1",0.0152063721940623
53,0,"SPDIASTRC",1.30826140567201
53,1,"SPDIASTRC",1.56408399710355
53,0,"SSH7_25",0.130702836004932
53,1,"SSH7_25",0.274438812454743
54,0,"BLDADEN",0.219108679613829
54,1,"BLDADEN",0.22872441890272
54,0,"BLDADEND0",0.0166461159062885
54,1,"BLDADEND0",0.0101375814627082
54,0,"BLDDEND1",0.280517879161529
54,1,"BLDDEND1",0.264301230992035
54,0,"BLDDENI",590.65639858835
54,1,"BLDDENI",648.321085174511
54,0,"L039",0.0104808877928483
54,1,"L039",0.0492396813902969
54,0,"L060",0.00246609124537608
54,1,"L060",0
54,0,"OICP",0.381011097410604
54,1,"OICP",0.485155684286749
54,0,"PCLDEND1",0.237361282367448
54,1,"PCLDEND1",0.169442433019551
54,0,"RDDEN",0.0357690875462392
54,1,"RDDEN",0.0329483091962346
54,0,"RDDEND2",0
54,1,"RDDEND2",0.00144822592324403
54,0,"RDP",0.875462392108508
54,1,"RDP",0.923968139029689
54,0,"SAGESAND9",0.00597577373612824
54,1,"SAGESAND9",0.00328886531498914
54,0,"SPAGESAN1",0.0172626387176326
54,1,"SPAGESAN1",0.0152063721940623
54,0,"SPDIASTRC",1.30826140567201
54,1,"SPDIASTRC",1.56408399710355
54,0,"SSH7_25",0.130702836004932
54,1,"SSH7_25",0.274438812454743
55,0,"BLDADEN",0.219108679613829
55,1,"BLDADEN",0.22872441890272
55,0,"BLDADEND0",0.0166461159062885
55,1,"BLDADEND0",0.0101375814627082
55,0,"BLDDEND1",0.280517879161529
55,1,"BLDDEND1",0.264301230992035
55,0,"BLDDENI",590.65639858835
55,1,"BLDDENI",648.321085174511
55,0,"L039",0.0104808877928483
55,1,"L039",0.0492396813902969
55,0,"L060",0.00246609124537608
55,1,"L060",0
55,0,"OICP",0.381011097410604
55,1,"OICP",0.485155684286749
55,0,"PCLDEND1",0.237361282367448
55,1,"PCLDEND1",0.169442433019551
55,0,"RDDEN",0.0357690875462392
55,1,"RDDEN",0.0329483091962346
55,0,"RDDEND2",0
55,1,"RDDEND2",0.00144822592324403
55,0,"RDP",0.875462392108508
55,1,"RDP",0.923968139029689
55,0,"SLOPSTR1",0.0359819949198238
55,1,"SLOPSTR1",0.0348719320600704
55,0,"SPAGESAN3",0.625154130702836
55,1,"SPAGESAN3",0.694424330195511
55,0,"SPDIASTRC",1.30826140567201
55,1,"SPDIASTRC",1.56408399710355
55,0,"SSH20",0.0450061652281134
55,1,"SSH20",0.0463432295438088
55,0,"SSH7_25",0.130702836004932
55,1,"SSH7_25",0.274438812454743
56,0,"BLDADEN",0.219108679613829
56,1,"BLDADEN",0.22872441890272
56,0,"BLDADEND0",0.0166461159062885
56,1,"BLDADEND0",0.0101375814627082
56,0,"BLDDEND1",0.280517879161529
56,1,"BLDDEND1",0.264301230992035
56,0,"BLDDENI",590.65639858835
56,1,"BLDDENI",648.321085174511
56,0,"L039",0.0104808877928483
56,1,"L039",0.0492396813902969
56,0,"L060",0.00246609124537608
56,1,"L060",0
56,0,"OICP",0.381011097410604
56,1,"OICP",0.485155684286749
56,0,"PCLDEND1",0.237361282367448
56,1,"PCLDEND1",0.169442433019551
56,0,"RDDEN",0.0357690875462392
56,1,"RDDEN",0.0329483091962346
56,0,"RDDEND2",0
56,1,"RDDEND2",0.00144822592324403
56,0,"RDP",0.875462392108508
56,1,"RDP",0.923968139029689
56,0,"SAGESAND9",0.00597577373612824
56,1,"SAGESAND9",0.00328886531498914
56,0,"SLOPSTR1",0.0359819949198238
56,1,"SLOPSTR1",0.0348719320600704
56,0,"SPAGESAN1",0.0172626387176326
56,1,"SPAGESAN1",0.0152063721940623
56,0,"SPDIASTRC",1.30826140567201
56,1,"SPDIASTRC",1.56408399710355
56,0,"SSH7_25",0.130702836004932
56,1,"SSH7_25",0.274438812454743
57,0,"GWTRTB4YU",0.777435265104809
57,1,"GWTRTB4YU",0.651701665459812
57,0,"L039",0.0104808877928483
57,1,"L039",0.0492396813902969
57,0,"L060",0.00246609124537608
57,1,"L060",0
57,0,"OICP",0.381011097410604
57,1,"OICP",0.485155684286749
57,0,"PCLDEND1",0.237361282367448
57,1,"PCLDEND1",0.169442433019551
57,0,"RDDEN",0.0357690875462392
57,1,"RDDEN",0.0329483091962346
57,0,"RDDEND2",0
57,1,"RDDEND2",0.00144822592324403
57,0,"RDP",0.875462392108508
57,1,"RDP",0.923968139029689
57,0,"SAGESAND9",0.00597577373612824
57,1,"SAGESAND9",0.00328886531498914
57,0,"SDIASTRD10",0.000107414303329223
57,1,"SDIASTRD10",4.01622013034033e-05
57,0,"SLOPSTR1",0.0359819949198238
57,1,"SLOPSTR1",0.0348719320600704
57,0,"SPAGESAN1",0.0172626387176326
57,1,"SPAGESAN1",0.0152063721940623
57,0,"SPDIASTR6",0.0104808877928483
57,1,"SPDIASTR6",0.0195510499637944
57,0,"SPDIASTRC",1.30826140567201
57,1,"SPDIASTRC",1.56408399710355
57,0,"SSH7_25",0.130702836004932
57,1,"SSH7_25",0.274438812454743
57,0,"T20_1800SD",13.8180298264012
57,1,"T20_1800SD",21.6282123972377
58,0,"BLDADEN",0.219108679613829
58,1,"BLDADEN",0.22872441890272
58,0,"L032",0.284217016029593
58,1,"L032",0.21216509775525
58,0,"L039",0.0104808877928483
58,1,"L039",0.0492396813902969
58,0,"L060",0.00246609124537608
58,1,"L060",0
58,0,"OICP",0.381011097410604
58,1,"OICP",0.485155684286749
58,0,"PCLDEND0",0.0295930949445129
58,1,"PCLDEND0",0.0637219406227371
58,0,"PCLDEND1",0.237361282367448
58,1,"PCLDEND1",0.169442433019551
58,0,"RDDEN",0.0357690875462392
58,1,"RDDEN",0.0329483091962346
58,0,"RDDEND2",0
58,1,"RDDEND2",0.00144822592324403
58,0,"RDP",0.875462392108508
58,1,"RDP",0.923968139029689
58,0,"SAGESAND9",0.00597577373612824
58,1,"SAGESAND9",0.00328886531498914
58,0,"SLOPSTR1",0.0359819949198238
58,1,"SLOPSTR1",0.0348719320600704
58,0,"SPAGESAN1",0.0172626387176326
58,1,"SPAGESAN1",0.0152063721940623
58,0,"SPDIASTRC",1.30826140567201
58,1,"SPDIASTRC",1.56408399710355
58,0,"SSH1",0.0246609124537608
58,1,"SSH1",0.0123099203475742
58,0,"SSH7_25",0.130702836004932
58,1,"SSH7_25",0.274438812454743
59,0,"BLDADEN",0.219108679613829
59,1,"BLDADEN",0.22872441890272
59,0,"BLDADEND0",0.0166461159062885
59,1,"BLDADEND0",0.0101375814627082
59,0,"BLDDENI",590.65639858835
59,1,"BLDDENI",648.321085174511
59,0,"L039",0.0104808877928483
59,1,"L039",0.0492396813902969
59,0,"L060",0.00246609124537608
59,1,"L060",0
59,0,"OICP",0.381011097410604
59,1,"OICP",0.485155684286749
59,0,"PCLDEND1",0.237361282367448
59,1,"PCLDEND1",0.169442433019551
59,0,"RDDEN",0.0357690875462392
59,1,"RDDEN",0.0329483091962346
59,0,"RDDEND2",0
59,1,"RDDEND2",0.00144822592324403
59,0,"RDP",0.875462392108508
59,1,"RDP",0.923968139029689
59,0,"SAGESAND9",0.00597577373612824
59,1,"SAGESAND9",0.00328886531498914
59,0,"SDIASTRD10",0.000107414303329223
59,1,"SDIASTRD10",4.01622013034033e-05
59,0,"SLOPSTR1",0.0359819949198238
59,1,"SLOPSTR1",0.0348719320600704
59,0,"SPAGESAN1",0.0172626387176326
59,1,"SPAGESAN1",0.0152063721940623
59,0,"SPDIASTRC",1.30826140567201
59,1,"SPDIASTRC",1.56408399710355
59,0,"SSH7_25",0.130702836004932
59,1,"SSH7_25",0.274438812454743
60,0,"BLDADEN",0.219108679613829
60,1,"BLDADEN",0.22872441890272
60,0,"BLDADEND0",0.0166461159062885
60,1,"BLDADEND0",0.0101375814627082
60,0,"BLDDENI",590.65639858835
60,1,"BLDDENI",648.321085174511
60,0,"L039",0.0104808877928483
60,1,"L039",0.0492396813902969
60,0,"L060",0.00246609124537608
60,1,"L060",0
60,0,"OICP",0.381011097410604
60,1,"OICP",0.485155684286749
60,0,"PCLDEND1",0.237361282367448
60,1,"PCLDEND1",0.169442433019551
60,0,"RDDEN",0.0357690875462392
60,1,"RDDEN",0.0329483091962346
60,0,"RDDEND2",0
60,1,"RDDEND2",0.00144822592324403
60,0,"RDP",0.875462392108508
60,1,"RDP",0.923968139029689
60,0,"SAGESAND9",0.00597577373612824
60,1,"SAGESAND9",0.00328886531498914
60,0,"SAGESTRD8",0.00348786744759556
60,1,"SAGESTRD8",0.00222033454018827
60,0,"SDIASTRD10",0.000107414303329223
60,1,"SDIASTRD10",4.01622013034033e-05
60,0,"SPAGESAN1",0.0172626387176326
60,1,"SPAGESAN1",0.0152063721940623
60,0,"SPDIASTRC",1.30826140567201
60,1,"SPDIASTRC",1.56408399710355
60,0,"SSH7_25",0.130702836004932
60,1,"SSH7_25",0.274438812454743
61,0,"BLDADEN",0.219108679613829
61,1,"BLDADEN",0.22872441890272
61,0,"BLDADEND0",0.0166461159062885
61,1,"BLDADEND0",0.0101375814627082
61,0,"BLDDEND1",0.280517879161529
61,1,"BLDDEND1",0.264301230992035
61,0,"BLDDENI",590.65639858835
61,1,"BLDDENI",648.321085174511
61,0,"L039",0.0104808877928483
61,1,"L039",0.0492396813902969
61,0,"L060",0.00246609124537608
61,1,"L060",0
61,0,"OICP",0.381011097410604
61,1,"OICP",0.485155684286749
61,0,"PCLDEND1",0.237361282367448
61,1,"PCLDEND1",0.169442433019551
61,0,"RDDEN",0.0357690875462392
61,1,"RDDEN",0.0329483091962346
61,0,"RDDEND2",0
61,1,"RDDEND2",0.00144822592324403
61,0,"RDP",0.875462392108508
61,1,"RDP",0.923968139029689
61,0,"SAGESAND9",0.00597577373612824
61,1,"SAGESAND9",0.00328886531498914
61,0,"SLOPSTR1",0.0359819949198238
61,1,"SLOPSTR1",0.0348719320600704
61,0,"SPDIASTRC",1.30826140567201
61,1,"SPDIASTRC",1.56408399710355
61,0,"SSH1",0.0246609124537608
61,1,"SSH1",0.0123099203475742
61,0,"SSH7_25",0.130702836004932
61,1,"SSH7_25",0.274438812454743
62,0,"GWTRTB4YU",0.777435265104809
62,1,"GWTRTB4YU",0.651701665459812
62,0,"L039",0.0104808877928483
62,1,"L039",0.0492396813902969
62,0,"OICP",0.381011097410604
62,1,"OICP",0.485155684286749
62,0,"PCLDEND1",0.237361282367448
62,1,"PCLDEND1",0.169442433019551
62,0,"RDDEN",0.0357690875462392
62,1,"RDDEN",0.0329483091962346
62,0,"RDDEND2",0
62,1,"RDDEND2",0.00144822592324403
62,0,"RDP",0.875462392108508
62,1,"RDP",0.923968139029689
62,0,"SLOPSAN1",0.00124404227620562
62,1,"SLOPSAN1",0.00108354191343468
62,0,"SLOPSTR1",0.0359819949198238
62,1,"SLOPSTR1",0.0348719320600704
62,0,"SPAGESAN3",0.625154130702836
62,1,"SPAGESAN3",0.694424330195511
62,0,"SPAGESTR2",0.189272503082614
62,1,"SPAGESTR2",0.255611875452571
62,0,"SPDIASTRC",1.30826140567201
62,1,"SPDIASTRC",1.56408399710355
62,0,"SSH20",0.0450061652281134
62,1,"SSH20",0.0463432295438088
62,0,"SSH24",0.064118372379778
62,1,"SSH24",0.0731354091238233
62,0,"SSH7_25",0.130702836004932
62,1,"SSH7_25",0.274438812454743
62,0,"T20_1800SD",13.8180298264012
62,1,"T20_1800SD",21.6282123972377
63,0,"BLDADEN",0.219108679613829
63,1,"BLDADEN",0.22872441890272
63,0,"BLDADEND0",0.0166461159062885
63,1,"BLDADEND0",0.0101375814627082
63,0,"BLDDEND1",0.280517879161529
63,1,"BLDDEND1",0.264301230992035
63,0,"BLDDENI",590.65639858835
63,1,"BLDDENI",648.321085174511
63,0,"L039",0.0104808877928483
63,1,"L039",0.0492396813902969
63,0,"L060",0.00246609124537608
63,1,"L060",0
63,0,"OICP",0.381011097410604
63,1,"OICP",0.485155684286749
63,0,"PCLDEND1",0.237361282367448
63,1,"PCLDEND1",0.169442433019551
63,0,"RDDEN",0.0357690875462392
63,1,"RDDEN",0.0329483091962346
63,0,"RDDEND2",0
63,1,"RDDEND2",0.00144822592324403
63,0,"RDP",0.875462392108508
63,1,"RDP",0.923968139029689
63,0,"SAGESAND9",0.00597577373612824
63,1,"SAGESAND9",0.00328886531498914
63,0,"SAGESTRD8",0.00348786744759556
63,1,"SAGESTRD8",0.00222033454018827
63,0,"SDIASTRD10",0.000107414303329223
63,1,"SDIASTRD10",4.01622013034033e-05
63,0,"SPAGESAN1",0.0172626387176326
63,1,"SPAGESAN1",0.0152063721940623
63,0,"SPDIASTRC",1.30826140567201
63,1,"SPDIASTRC",1.56408399710355
63,0,"SSH7_25",0.130702836004932
63,1,"SSH7_25",0.274438812454743
64,0,"BLDADEN",0.219108679613829
64,1,"BLDADEN",0.22872441890272
64,0,"BLDADEND0",0.0166461159062885
64,1,"BLDADEND0",0.0101375814627082
64,0,"BLDDEND1",0.280517879161529
64,1,"BLDDEND1",0.264301230992035
64,0,"BLDDENI",590.65639858835
64,1,"BLDDENI",648.321085174511
64,0,"L039",0.0104808877928483
64,1,"L039",0.0492396813902969
64,0,"L060",0.00246609124537608
64,1,"L060",0
64,0,"OICP",0.381011097410604
64,1,"OICP",0.485155684286749
64,0,"PCLDEND1",0.237361282367448
64,1,"PCLDEND1",0.169442433019551
64,0,"RDDEN",0.0357690875462392
64,1,"RDDEN",0.0329483091962346
64,0,"RDDEND2",0
64,1,"RDDEND2",0.00144822592324403
64,0,"RDP",0.875462392108508
64,1,"RDP",0.923968139029689
64,0,"SAGESAND9",0.00597577373612824
64,1,"SAGESAND9",0.00328886531498914
64,0,"SLOPSTR1",0.0359819949198238
64,1,"SLOPSTR1",0.0348719320600704
64,0,"SPAGESAN1",0.0172626387176326
64,1,"SPAGESAN1",0.0152063721940623
64,0,"SPDIASTRC",1.30826140567201
64,1,"SPDIASTRC",1.56408399710355
64,0,"SSH1",0.0246609124537608
64,1,"SSH1",0.0123099203475742
64,0,"SSH7_25",0.130702836004932
64,1,"SSH7_25",0.274438812454743
65,0,"BLDADEN",0.219108679613829
65,1,"BLDADEN",0.22872441890272
65,0,"BLDADEND0",0.0166461159062885
65,1,"BLDADEND0",0.0101375814627082
65,0,"BLDDEND1",0.280517879161529
65,1,"BLDDEND1",0.264301230992035
65,0,"BLDDENI",590.65639858835
65,1,"BLDDENI",648.321085174511
65,0,"L039",0.0104808877928483
65,1,"L039",0.0492396813902969
65,0,"L060",0.00246609124537608
65,1,"L060",0
65,0,"OICP",0.381011097410604
65,1,"OICP",0.485155684286749
65,0,"PCLDEND1",0.237361282367448
65,1,"PCLDEND1",0.169442433019551
65,0,"RDDEN",0.0357690875462392
65,1,"RDDEN",0.0329483091962346
65,0,"RDP",0.875462392108508
65,1,"RDP",0.923968139029689
65,0,"SAGESAND9",0.00597577373612824
65,1,"SAGESAND9",0.00328886531498914
65,0,"SDIASTRD10",0.000107414303329223
65,1,"SDIASTRD10",4.01622013034033e-05
65,0,"SLOPSTR1",0.0359819949198238
65,1,"SLOPSTR1",0.0348719320600704
65,0,"SPAGESAN1",0.0172626387176326
65,1,"SPAGESAN1",0.0152063721940623
65,0,"SPDIASTR6",0.0104808877928483
65,1,"SPDIASTR6",0.0195510499637944
65,0,"SPDIASTRC",1.30826140567201
65,1,"SPDIASTRC",1.56408399710355
65,0,"SSH7_25",0.130702836004932
65,1,"SSH7_25",0.274438812454743
66,0,"BLDADEN",0.219108679613829
66,1,"BLDADEN",0.22872441890272
66,0,"BLDADEND0",0.0166461159062885
66,1,"BLDADEND0",0.0101375814627082
66,0,"GWTRTB4YU",0.777435265104809
66,1,"GWTRTB4YU",0.651701665459812
66,0,"L032",0.284217016029593
66,1,"L032",0.21216509775525
66,0,"L039",0.0104808877928483
66,1,"L039",0.0492396813902969
66,0,"L060",0.00246609124537608
66,1,"L060",0
66,0,"OICP",0.381011097410604
66,1,"OICP",0.485155684286749
66,0,"PCLDEND1",0.237361282367448
66,1,"PCLDEND1",0.169442433019551
66,0,"RDDEN",0.0357690875462392
66,1,"RDDEN",0.0329483091962346
66,0,"RDDEND2",0
66,1,"RDDEND2",0.00144822592324403
66,0,"RDP",0.875462392108508
66,1,"RDP",0.923968139029689
66,0,"SAGESAND9",0.00597577373612824
66,1,"SAGESAND9",0.00328886531498914
66,0,"SLOPSTR1",0.0359819949198238
66,1,"SLOPSTR1",0.0348719320600704
66,0,"SPDIASTRC",1.30826140567201
66,1,"SPDIASTRC",1.56408399710355
66,0,"SSH13",0
66,1,"SSH13",0.00144822592324403
66,0,"SSH7_25",0.130702836004932
66,1,"SSH7_25",0.274438812454743
66,0,"T20_1800SD",13.8180298264012
66,1,"T20_1800SD",21.6282123972377
67,0,"BLDADEN",0.219108679613829
67,1,"BLDADEN",0.22872441890272
67,0,"BLDADEND0",0.0166461159062885
67,1,"BLDADEND0",0.0101375814627082
67,0,"BLDDENI",590.65639858835
67,1,"BLDDENI",648.321085174511
67,0,"L039",0.0104808877928483
67,1,"L039",0.0492396813902969
67,0,"L060",0.00246609124537608
67,1,"L060",0
67,0,"OICP",0.381011097410604
67,1,"OICP",0.485155684286749
67,0,"PCLDEND1",0.237361282367448
67,1,"PCLDEND1",0.169442433019551
67,0,"RDDEN",0.0357690875462392
67,1,"RDDEN",0.0329483091962346
67,0,"RDDEND2",0
67,1,"RDDEND2",0.00144822592324403
67,0,"RDP",0.875462392108508
67,1,"RDP",0.923968139029689
67,0,"SAGESAND9",0.00597577373612824
67,1,"SAGESAND9",0.00328886531498914
67,0,"SDIASTRD10",0.000107414303329223
67,1,"SDIASTRD10",4.01622013034033e-05
67,0,"SLOPSTR1",0.0359819949198238
67,1,"SLOPSTR1",0.0348719320600704
67,0,"SPAGESAN1",0.0172626387176326
67,1,"SPAGESAN1",0.0152063721940623
67,0,"SPDIASTR6",0.0104808877928483
67,1,"SPDIASTR6",0.0195510499637944
67,0,"SPDIASTRC",1.30826140567201
67,1,"SPDIASTRC",1.56408399710355
67,0,"SSH7_25",0.130702836004932
67,1,"SSH7_25",0.274438812454743
68,0,"BLDADEN",0.219108679613829
68,1,"BLDADEN",0.22872441890272
68,0,"BLDADEND0",0.0166461159062885
68,1,"BLDADEND0",0.0101375814627082
68,0,"BLDDEND1",0.280517879161529
68,1,"BLDDEND1",0.264301230992035
68,0,"BLDDENI",590.65639858835
68,1,"BLDDENI",648.321085174511
68,0,"L039",0.0104808877928483
68,1,"L039",0.0492396813902969
68,0,"L060",0.00246609124537608
68,1,"L060",0
68,0,"OICP",0.381011097410604
68,1,"OICP",0.485155684286749
68,0,"PCLDEND1",0.237361282367448
68,1,"PCLDEND1",0.169442433019551
68,0,"RDDEN",0.0357690875462392
68,1,"RDDEN",0.0329483091962346
68,0,"RDDEND2",0
68,1,"RDDEND2",0.00144822592324403
68,0,"RDP",0.875462392108508
68,1,"RDP",0.923968139029689
68,0,"SAGESAND9",0.00597577373612824
68,1,"SAGESAND9",0.00328886531498914
68,0,"SDIASTRD10",0.000107414303329223
68,1,"SDIASTRD10",4.01622013034033e-05
68,0,"SLOPSTR1",0.0359819949198238
68,1,"SLOPSTR1",0.0348719320600704
68,0,"SPDIASTRC",1.30826140567201
68,1,"SPDIASTRC",1.56408399710355
68,0,"SSH1",0.0246609124537608
68,1,"SSH1",0.0123099203475742
68,0,"SSH7_25",0.130702836004932
68,1,"SSH7_25",0.274438812454743
69,0,"L039",0.0104808877928483
69,1,"L039",0.0492396813902969
69,0,"L060",0.00246609124537608
69,1,"L060",0
69,0,"OICP",0.381011097410604
69,1,"OICP",0.485155684286749
69,0,"PCLDEND1",0.237361282367448
69,1,"PCLDEND1",0.169442433019551
69,0,"RDDEN",0.0357690875462392
69,1,"RDDEN",0.0329483091962346
69,0,"RDDEND2",0
69,1,"RDDEND2",0.00144822592324403
69,0,"RDP",0.875462392108508
69,1,"RDP",0.923968139029689
69,0,"SAGESAND9",0.00597577373612824
69,1,"SAGESAND9",0.00328886531498914
69,0,"SDIASTRD10",0.000107414303329223
69,1,"SDIASTRD10",4.01622013034033e-05
69,0,"SLOPSTR1",0.0359819949198238
69,1,"SLOPSTR1",0.0348719320600704
69,0,"SPAGESAN1",0.0172626387176326
69,1,"SPAGESAN1",0.0152063721940623
69,0,"SPAGESTR2",0.189272503082614
69,1,"SPAGESTR2",0.255611875452571
69,0,"SPDIASTRC",1.30826140567201
69,1,"SPDIASTRC",1.56408399710355
69,0,"SSH1",0.0246609124537608
69,1,"SSH1",0.0123099203475742
69,0,"SSH11",0.0382244143033292
69,1,"SSH11",0.0231716147719044
69,0,"SSH21",0.333538840937115
69,1,"SSH21",0.246922519913106
69,0,"SSH7_25",0.130702836004932
69,1,"SSH7_25",0.274438812454743
70,0,"BLDADEN",0.219108679613829
70,1,"BLDADEN",0.22872441890272
70,0,"BLDADEND0",0.0166461159062885
70,1,"BLDADEND0",0.0101375814627082
70,0,"BLDDEND1",0.280517879161529
70,1,"BLDDEND1",0.264301230992035
70,0,"BLDDENI",590.65639858835
70,1,"BLDDENI",648.321085174511
70,0,"GWTRTB1YB",0.00369913686806412
70,1,"GWTRTB1YB",0.000724112961622013
70,0,"L039",0.0104808877928483
70,1,"L039",0.0492396813902969
70,0,"L060",0.00246609124537608
70,1,"L060",0
70,0,"OICP",0.381011097410604
70,1,"OICP",0.485155684286749
70,0,"PCLDEND1",0.237361282367448
70,1,"PCLDEND1",0.169442433019551
70,0,"RDDEN",0.0357690875462392
70,1,"RDDEN",0.0329483091962346
70,0,"RDDEND2",0
70,1,"RDDEND2",0.00144822592324403
70,0,"RDP",0.875462392108508
70,1,"RDP",0.923968139029689
70,0,"SAGESAND9",0.00597577373612824
70,1,"SAGESAND9",0.00328886531498914
70,0,"SLOPSTR1",0.0359819949198238
70,1,"SLOPSTR1",0.0348719320600704
70,0,"SPAGESAN1",0.0172626387176326
70,1,"SPAGESAN1",0.0152063721940623
70,0,"SPDIASTRC",1.30826140567201
70,1,"SPDIASTRC",1.56408399710355
70,0,"SSH1",0.0246609124537608
70,1,"SSH1",0.0123099203475742
70,0,"SSH7_25",0.130702836004932
70,1,"SSH7_25",0.274438812454743
71,0,"BLDADEN",0.219108679613829
71,1,"BLDADEN",0.22872441890272
71,0,"BLDADEND0",0.0166461159062885
71,1,"BLDADEND0",0.0101375814627082
71,0,"BLDDEND1",0.280517879161529
71,1,"BLDDEND1",0.264301230992035
71,0,"BLDDENI",590.65639858835
71,1,"BLDDENI",648.321085174511
71,0,"L039",0.0104808877928483
71,1,"L039",0.0492396813902969
71,0,"L060",0.00246609124537608
71,1,"L060",0
71,0,"OICP",0.381011097410604
71,1,"OICP",0.485155684286749
71,0,"PCLDEND1",0.237361282367448
71,1,"PCLDEND1",0.169442433019551
71,0,"RDDEND1",0.500616522811344
71,1,"RDDEND1",0.429398986241854
71,0,"RDP",0.875462392108508
71,1,"RDP",0.923968139029689
71,0,"SAGESAND9",0.00597577373612824
71,1,"SAGESAND9",0.00328886531498914
71,0,"SDIASTRD10",0.000107414303329223
71,1,"SDIASTRD10",4.01622013034033e-05
71,0,"SLOPSTR1",0.0359819949198238
71,1,"SLOPSTR1",0.0348719320600704
71,0,"SPDIASTR6",0.0104808877928483
71,1,"SPDIASTR6",0.0195510499637944
71,0,"SPDIASTRC",1.30826140567201
71,1,"SPDIASTRC",1.56408399710355
71,0,"SSH1",0.0246609124537608
71,1,"SSH1",0.0123099203475742
71,0,"SSH11",0.0382244143033292
71,1,"SSH11",0.0231716147719044
71,0,"SSH7_25",0.130702836004932
71,1,"SSH7_25",0.274438812454743
72,0,"BLDADEN",0.219108679613829
72,1,"BLDADEN",0.22872441890272
72,0,"BLDADEND0",0.0166461159062885
72,1,"BLDADEND0",0.0101375814627082
72,0,"BLDDENI",590.65639858835
72,1,"BLDDENI",648.321085174511
72,0,"GWTRTB1YB",0.00369913686806412
72,1,"GWTRTB1YB",0.000724112961622013
72,0,"GWTRTB4YU",0.777435265104809
72,1,"GWTRTB4YU",0.651701665459812
72,0,"L039",0.0104808877928483
72,1,"L039",0.0492396813902969
72,0,"L060",0.00246609124537608
72,1,"L060",0
72,0,"OICP",0.381011097410604
72,1,"OICP",0.485155684286749
72,0,"PCLDEND1",0.237361282367448
72,1,"PCLDEND1",0.169442433019551
72,0,"RDDEN",0.0357690875462392
72,1,"RDDEN",0.0329483091962346
72,0,"RDDEND2",0
72,1,"RDDEND2",0.00144822592324403
72,0,"RDP",0.875462392108508
72,1,"RDP",0.923968139029689
72,0,"SAGESAND9",0.00597577373612824
72,1,"SAGESAND9",0.00328886531498914
72,0,"SLOPSTR1",0.0359819949198238
72,1,"SLOPSTR1",0.0348719320600704
72,0,"SPAGESAN1",0.0172626387176326
72,1,"SPAGESAN1",0.0152063721940623
72,0,"SPDIASTRC",1.30826140567201
72,1,"SPDIASTRC",1.56408399710355
72,0,"SSH1",0.0246609124537608
72,1,"SSH1",0.0123099203475742
72,0,"SSH7_25",0.130702836004932
72,1,"SSH7_25",0.274438812454743
73,0,"BLDADEN",0.219108679613829
73,1,"BLDADEN",0.22872441890272
73,0,"BLDADEND0",0.0166461159062885
73,1,"BLDADEND0",0.0101375814627082
73,0,"BLDDEND1",0.280517879161529
73,1,"BLDDEND1",0.264301230992035
73,0,"BLDDENI",590.65639858835
73,1,"BLDDENI",648.321085174511
73,0,"L039",0.0104808877928483
73,1,"L039",0.0492396813902969
73,0,"L060",0.00246609124537608
73,1,"L060",0
73,0,"OICP",0.381011097410604
73,1,"OICP",0.485155684286749
73,0,"PCLDEND1",0.237361282367448
73,1,"PCLDEND1",0.169442433019551
73,0,"RDDEN",0.0357690875462392
73,1,"RDDEN",0.0329483091962346
73,0,"RDDEND2",0
73,1,"RDDEND2",0.00144822592324403
73,0,"RDP",0.875462392108508
73,1,"RDP",0.923968139029689
73,0,"SAGESAND9",0.00597577373612824
73,1,"SAGESAND9",0.00328886531498914
73,0,"SDIASTRD10",0.000107414303329223
73,1,"SDIASTRD10",4.01622013034033e-05
73,0,"SLOPSTR1",0.0359819949198238
73,1,"SLOPSTR1",0.0348719320600704
73,0,"SPAGESAN1",0.0172626387176326
73,1,"SPAGESAN1",0.0152063721940623
73,0,"SPDIASTR6",0.0104808877928483
73,1,"SPDIASTR6",0.0195510499637944
73,0,"SPDIASTRC",1.30826140567201
73,1,"SPDIASTRC",1.56408399710355
73,0,"SSH7_25",0.130702836004932
73,1,"SSH7_25",0.274438812454743
74,0,"BLDADEND9",0.0092478421701603
74,1,"BLDADEND9",0.0130340333091962
74,0,"GWTRTB4YU",0.777435265104809
74,1,"GWTRTB4YU",0.651701665459812
74,0,"L039",0.0104808877928483
74,1,"L039",0.0492396813902969
74,0,"L060",0.00246609124537608
74,1,"L060",0
74,0,"OICP",0.381011097410604
74,1,"OICP",0.485155684286749
74,0,"PCLDEND1",0.237361282367448
74,1,"PCLDEND1",0.169442433019551
74,0,"RDDEN",0.0357690875462392
74,1,"RDDEN",0.0329483091962346
74,0,"RDDEND2",0
74,1,"RDDEND2",0.00144822592324403
74,0,"RDP",0.875462392108508
74,1,"RDP",0.923968139029689
74,0,"SAGESAND9",0.00597577373612824
74,1,"SAGESAND9",0.00328886531498914
74,0,"SDIASTRD1",0.0102171522811344
74,1,"SDIASTRD1",0.0104797443881245
74,0,"SDIASTRD10",0.000107414303329223
74,1,"SDIASTRD10",4.01622013034033e-05
74,0,"SPAGESAN1",0.0172626387176326
74,1,"SPAGESAN1",0.0152063721940623
74,0,"SPDIASTR6",0.0104808877928483
74,1,"SPDIASTR6",0.0195510499637944
74,0,"SPDIASTRC",1.30826140567201
74,1,"SPDIASTRC",1.56408399710355
74,0,"SSH24",0.064118372379778
74,1,"SSH24",0.0731354091238233
74,0,"SSH7_25",0.130702836004932
74,1,"SSH7_25",0.274438812454743
74,0,"T20_1800SD",13.8180298264012
74,1,"T20_1800SD",21.6282123972377
75,0,"BLDADEN",0.219108679613829
75,1,"BLDADEN",0.22872441890272
75,0,"BLDADEND0",0.0166461159062885
75,1,"BLDADEND0",0.0101375814627082
75,0,"BLDDEND1",0.280517879161529
75,1,"BLDDEND1",0.264301230992035
75,0,"BLDDENI",590.65639858835
75,1,"BLDDENI",648.321085174511
75,0,"L039",0.0104808877928483
75,1,"L039",0.0492396813902969
75,0,"L060",0.00246609124537608
75,1,"L060",0
75,0,"OICP",0.381011097410604
75,1,"OICP",0.485155684286749
75,0,"PCLDEND1",0.237361282367448
75,1,"PCLDEND1",0.169442433019551
75,0,"RDDEN",0.0357690875462392
75,1,"RDDEN",0.0329483091962346
75,0,"RDDEND2",0
75,1,"RDDEND2",0.00144822592324403
75,0,"RDP",0.875462392108508
75,1,"RDP",0.923968139029689
75,0,"SAGESAND9",0.00597577373612824
75,1,"SAGESAND9",0.00328886531498914
75,0,"SLOPSTR1",0.0359819949198238
75,1,"SLOPSTR1",0.0348719320600704
75,0,"SPAGESAN1",0.0172626387176326
75,1,"SPAGESAN1",0.0152063721940623
75,0,"SPAGESTR2",0.189272503082614
75,1,"SPAGESTR2",0.255611875452571
75,0,"SPDIASTRC",1.30826140567201
75,1,"SPDIASTRC",1.56408399710355
75,0,"SSH1",0.0246609124537608
75,1,"SSH1",0.0123099203475742
75,0,"SSH7_25",0.130702836004932
75,1,"SSH7_25",0.274438812454743
76,0,"BLDADEND0",0.0166461159062885
76,1,"BLDADEND0",0.0101375814627082
76,0,"BLDADEND9",0.0092478421701603
76,1,"BLDADEND9",0.0130340333091962
76,0,"BLDDEND1",0.280517879161529
76,1,"BLDDEND1",0.264301230992035
76,0,"BLDDENI",590.65639858835
76,1,"BLDDENI",648.321085174511
76,0,"GWTRTB1YB",0.00369913686806412
76,1,"GWTRTB1YB",0.000724112961622013
76,0,"GWTRTB4YU",0.777435265104809
76,1,"GWTRTB4YU",0.651701665459812
76,0,"L039",0.0104808877928483
76,1,"L039",0.0492396813902969
76,0,"L060",0.00246609124537608
76,1,"L060",0
76,0,"OICP",0.381011097410604
76,1,"OICP",0.485155684286749
76,0,"PCLDEND1",0.237361282367448
76,1,"PCLDEND1",0.169442433019551
76,0,"RDDEN",0.0357690875462392
76,1,"RDDEN",0.0329483091962346
76,0,"RDDEND2",0
76,1,"RDDEND2",0.00144822592324403
76,0,"RDP",0.875462392108508
76,1,"RDP",0.923968139029689
76,0,"SAGESAND9",0.00597577373612824
76,1,"SAGESAND9",0.00328886531498914
76,0,"SLOPSTR1",0.0359819949198238
76,1,"SLOPSTR1",0.0348719320600704
76,0,"SPAGESAN1",0.0172626387176326
76,1,"SPAGESAN1",0.0152063721940623
76,0,"SPDIASTRC",1.30826140567201
76,1,"SPDIASTRC",1.56408399710355
76,0,"SSH7_25",0.130702836004932
76,1,"SSH7_25",0.274438812454743
77,0,"BLDADEND9",0.0092478421701603
77,1,"BLDADEND9",0.0130340333091962
77,0,"GWTRTB1YB",0.00369913686806412
77,1,"GWTRTB1YB",0.000724112961622013
77,0,"GWTRTB4YU",0.777435265104809
77,1,"GWTRTB4YU",0.651701665459812
77,0,"L039",0.0104808877928483
77,1,"L039",0.0492396813902969
77,0,"L060",0.00246609124537608
77,1,"L060",0
77,0,"OICP",0.381011097410604
77,1,"OICP",0.485155684286749
77,0,"PCLDEND1",0.237361282367448
77,1,"PCLDEND1",0.169442433019551
77,0,"RDDEN",0.0357690875462392
77,1,"RDDEN",0.0329483091962346
77,0,"RDDEND2",0
77,1,"RDDEND2",0.00144822592324403
77,0,"RDP",0.875462392108508
77,1,"RDP",0.923968139029689
77,0,"SAGESAND9",0.00597577373612824
77,1,"SAGESAND9",0.00328886531498914
77,0,"SDIASTRD10",0.000107414303329223
77,1,"SDIASTRD10",4.01622013034033e-05
77,0,"SLOPSTR1",0.0359819949198238
77,1,"SLOPSTR1",0.0348719320600704
77,0,"SPAGESAN1",0.0172626387176326
77,1,"SPAGESAN1",0.0152063721940623
77,0,"SPAGESTR2",0.189272503082614
77,1,"SPAGESTR2",0.255611875452571
77,0,"SPDIASTRC",1.30826140567201
77,1,"SPDIASTRC",1.56408399710355
77,0,"SSH1",0.0246609124537608
77,1,"SSH1",0.0123099203475742
77,0,"SSH7_25",0.130702836004932
77,1,"SSH7_25",0.274438812454743
78,0,"BLDADEN",0.219108679613829
78,1,"BLDADEN",0.22872441890272
78,0,"BLDADEND0",0.0166461159062885
78,1,"BLDADEND0",0.0101375814627082
78,0,"BLDDEND1",0.280517879161529
78,1,"BLDDEND1",0.264301230992035
78,0,"BLDDENI",590.65639858835
78,1,"BLDDENI",648.321085174511
78,0,"L039",0.0104808877928483
78,1,"L039",0.0492396813902969
78,0,"L060",0.00246609124537608
78,1,"L060",0
78,0,"OICP",0.381011097410604
78,1,"OICP",0.485155684286749
78,0,"PCLDEND1",0.237361282367448
78,1,"PCLDEND1",0.169442433019551
78,0,"RDDEN",0.0357690875462392
78,1,"RDDEN",0.0329483091962346
78,0,"RDDEND2",0
78,1,"RDDEND2",0.00144822592324403
78,0,"RDP",0.875462392108508
78,1,"RDP",0.923968139029689
78,0,"SAGESAND9",0.00597577373612824
78,1,"SAGESAND9",0.00328886531498914
78,0,"SAGESTRD8",0.00348786744759556
78,1,"SAGESTRD8",0.00222033454018827
78,0,"SDIASTRD10",0.000107414303329223
78,1,"SDIASTRD10",4.01622013034033e-05
78,0,"SPAGESAN1",0.0172626387176326
78,1,"SPAGESAN1",0.0152063721940623
78,0,"SPAGESTR2",0.189272503082614
78,1,"SPAGESTR2",0.255611875452571
78,0,"SPDIASTRC",1.30826140567201
78,1,"SPDIASTRC",1.56408399710355
78,0,"SSH7_25",0.130702836004932
78,1,"SSH7_25",0.274438812454743
79,0,"BLDADEN",0.219108679613829
79,1,"BLDADEN",0.22872441890272
79,0,"BLDADEND0",0.0166461159062885
79,1,"BLDADEND0",0.0101375814627082
79,0,"BLDDEND1",0.280517879161529
79,1,"BLDDEND1",0.264301230992035
79,0,"BLDDENI",590.65639858835
79,1,"BLDDENI",648.321085174511
79,0,"L039",0.0104808877928483
79,1,"L039",0.0492396813902969
79,0,"L060",0.00246609124537608
79,1,"L060",0
79,0,"OICP",0.381011097410604
79,1,"OICP",0.485155684286749
79,0,"PCLDEND1",0.237361282367448
79,1,"PCLDEND1",0.169442433019551
79,0,"RDDEN",0.0357690875462392
79,1,"RDDEN",0.0329483091962346
79,0,"RDDEND2",0
79,1,"RDDEND2",0.00144822592324403
79,0,"RDP",0.875462392108508
79,1,"RDP",0.923968139029689
79,0,"SAGESAND9",0.00597577373612824
79,1,"SAGESAND9",0.00328886531498914
79,0,"SLOPSTR1",0.0359819949198238
79,1,"SLOPSTR1",0.0348719320600704
79,0,"SPAGESAN1",0.0172626387176326
79,1,"SPAGESAN1",0.0152063721940623
79,0,"SPDIASTRC",1.30826140567201
79,1,"SPDIASTRC",1.56408399710355
79,0,"SSH1",0.0246609124537608
79,1,"SSH1",0.0123099203475742
79,0,"SSH11",0.0382244143033292
79,1,"SSH11",0.0231716147719044
79,0,"SSH7_25",0.130702836004932
79,1,"SSH7_25",0.274438812454743
79,0,"SSH9",0.0117139334155364
79,1,"SSH9",0.00651701665459812
80,0,"BLDADEN",0.219108679613829
80,1,"BLDADEN",0.22872441890272
80,0,"BLDADEND0",0.0166461159062885
80,1,"BLDADEND0",0.0101375814627082
80,0,"BLDDENI",590.65639858835
80,1,"BLDDENI",648.321085174511
80,0,"L039",0.0104808877928483
80,1,"L039",0.0492396813902969
80,0,"L060",0.00246609124537608
80,1,"L060",0
80,0,"OICP",0.381011097410604
80,1,"OICP",0.485155684286749
80,0,"PCLDEND1",0.237361282367448
80,1,"PCLDEND1",0.169442433019551
80,0,"RDDEN",0.0357690875462392
80,1,"RDDEN",0.0329483091962346
80,0,"RDDEND2",0
80,1,"RDDEND2",0.00144822592324403
80,0,"RDP",0.875462392108508
80,1,"RDP",0.923968139029689
80,0,"SAGESAND9",0.00597577373612824
80,1,"SAGESAND9",0.00328886531498914
80,0,"SDIASTRD10",0.000107414303329223
80,1,"SDIASTRD10",4.01622013034033e-05
80,0,"SLOPSTR1",0.0359819949198238
80,1,"SLOPSTR1",0.0348719320600704
80,0,"SPAGESAN1",0.0172626387176326
80,1,"SPAGESAN1",0.0152063721940623
80,0,"SPAGESTR2",0.189272503082614
80,1,"SPAGESTR2",0.255611875452571
80,0,"SPDIASTR6",0.0104808877928483
80,1,"SPDIASTR6",0.0195510499637944
80,0,"SPDIASTRC",1.30826140567201
80,1,"SPDIASTRC",1.56408399710355
80,0,"SSH1",0.0246609124537608
80,1,"SSH1",0.0123099203475742
80,0,"SSH7_25",0.130702836004932
80,1,"SSH7_25",0.274438812454743
81,0,"BLDADEN",0.219108679613829
81,1,"BLDADEN",0.22872441890272
81,0,"BLDADEND0",0.0166461159062885
81,1,"BLDADEND0",0.0101375814627082
81,0,"BLDDEND1",0.280517879161529
81,1,"BLDDEND1",0.264301230992035
81,0,"BLDDENI",590.65639858835
81,1,"BLDDENI",648.321085174511
81,0,"GWTRTB1YB",0.00369913686806412
81,1,"GWTRTB1YB",0.000724112961622013
81,0,"L039",0.0104808877928483
81,1,"L039",0.0492396813902969
81,0,"L060",0.00246609124537608
81,1,"L060",0
81,0,"OICP",0.381011097410604
81,1,"OICP",0.485155684286749
81,0,"PCLDEND1",0.237361282367448
81,1,"PCLDEND1",0.169442433019551
81,0,"PCLDEND9",0.00246609124537608
81,1,"PCLDEND9",0
81,0,"RDDEN",0.0357690875462392
81,1,"RDDEN",0.0329483091962346
81,0,"RDDEND2",0
81,1,"RDDEND2",0.00144822592324403
81,0,"RDP",0.875462392108508
81,1,"RDP",0.923968139029689
81,0,"SAGESAND9",0.00597577373612824
81,1,"SAGESAND9",0.00328886531498914
81,0,"SLOPSTR1",0.0359819949198238
81,1,"SLOPSTR1",0.0348719320600704
81,0,"SPAGESTR2",0.189272503082614
81,1,"SPAGESTR2",0.255611875452571
81,0,"SPDIASTRC",1.30826140567201
81,1,"SPDIASTRC",1.56408399710355
81,0,"SSH1",0.0246609124537608
81,1,"SSH1",0.0123099203475742
81,0,"SSH7_25",0.130702836004932
81,1,"SSH7_25",0.274438812454743
82,0,"BLDADEN",0.219108679613829
82,1,"BLDADEN",0.22872441890272
82,0,"L032",0.284217016029593
82,1,"L032",0.21216509775525
82,0,"L039",0.0104808877928483
82,1,"L039",0.0492396813902969
82,0,"L060",0.00246609124537608
82,1,"L060",0
82,0,"OICP",0.381011097410604
82,1,"OICP",0.485155684286749
82,0,"PCLDEND1",0.237361282367448
82,1,"PCLDEND1",0.169442433019551
82,0,"RDDEN",0.0357690875462392
82,1,"RDDEN",0.0329483091962346
82,0,"RDDEND2",0
82,1,"RDDEND2",0.00144822592324403
82,0,"RDP",0.875462392108508
82,1,"RDP",0.923968139029689
82,0,"SAGESAND9",0.00597577373612824
82,1,"SAGESAND9",0.00328886531498914
82,0,"SDIASTRD10",0.000107414303329223
82,1,"SDIASTRD10",4.01622013034033e-05
82,0,"SLOPSTR1",0.0359819949198238
82,1,"SLOPSTR1",0.0348719320600704
82,0,"SPAGESAN1",0.0172626387176326
82,1,"SPAGESAN1",0.0152063721940623
82,0,"SPDIASTR6",0.0104808877928483
82,1,"SPDIASTR6",0.0195510499637944
82,0,"SPDIASTRC",1.30826140567201
82,1,"SPDIASTRC",1.56408399710355
82,0,"SSH1",0.0246609124537608
82,1,"SSH1",0.0123099203475742
82,0,"SSH13",0
82,1,"SSH13",0.00144822592324403
82,0,"SSH7_25",0.130702836004932
82,1,"SSH7_25",0.274438812454743
82,0,"T20_1800SD",13.8180298264012
82,1,"T20_1800SD",21.6282123972377
83,0,"BLDADEN",0.219108679613829
83,1,"BLDADEN",0.22872441890272
83,0,"BLDADEND0",0.0166461159062885
83,1,"BLDADEND0",0.0101375814627082
83,0,"BLDDEND1",0.280517879161529
83,1,"BLDDEND1",0.264301230992035
83,0,"BLDDENI",590.65639858835
83,1,"BLDDENI",648.321085174511
83,0,"L039",0.0104808877928483
83,1,"L039",0.0492396813902969
83,0,"L060",0.00246609124537608
83,1,"L060",0
83,0,"OICP",0.381011097410604
83,1,"OICP",0.485155684286749
83,0,"PCLDEND1",0.237361282367448
83,1,"PCLDEND1",0.169442433019551
83,0,"RDDEN",0.0357690875462392
83,1,"RDDEN",0.0329483091962346
83,0,"RDP",0.875462392108508
83,1,"RDP",0.923968139029689
83,0,"SAGESAND9",0.00597577373612824
83,1,"SAGESAND9",0.00328886531498914
83,0,"SAGESTRD8",0.00348786744759556
83,1,"SAGESTRD8",0.00222033454018827
83,0,"SDIASTRD1",0.0102171522811344
83,1,"SDIASTRD1",0.0104797443881245
83,0,"SDIASTRD10",0.000107414303329223
83,1,"SDIASTRD10",4.01622013034033e-05
83,0,"SPAGESAN1",0.0172626387176326
83,1,"SPAGESAN1",0.0152063721940623
83,0,"SPDIASTR6",0.0104808877928483
83,1,"SPDIASTR6",0.0195510499637944
83,0,"SPDIASTRC",1.30826140567201
83,1,"SPDIASTRC",1.56408399710355
83,0,"SSH24",0.064118372379778
83,1,"SSH24",0.0731354091238233
83,0,"SSH7_25",0.130702836004932
83,1,"SSH7_25",0.274438812454743
84,0,"BLDADEN",0.219108679613829
84,1,"BLDADEN",0.22872441890272
84,0,"BLDADEND0",0.0166461159062885
84,1,"BLDADEND0",0.0101375814627082
84,0,"BLDDEND1",0.280517879161529
84,1,"BLDDEND1",0.264301230992035
84,0,"BLDDENI",590.65639858835
84,1,"BLDDENI",648.321085174511
84,0,"GWTRTB1YB",0.00369913686806412
84,1,"GWTRTB1YB",0.000724112961622013
84,0,"L039",0.0104808877928483
84,1,"L039",0.0492396813902969
84,0,"L060",0.00246609124537608
84,1,"L060",0
84,0,"OICP",0.381011097410604
84,1,"OICP",0.485155684286749
84,0,"PCLDEND1",0.237361282367448
84,1,"PCLDEND1",0.169442433019551
84,0,"RDDEN",0.0357690875462392
84,1,"RDDEN",0.0329483091962346
84,0,"RDDEND2",0
84,1,"RDDEND2",0.00144822592324403
84,0,"RDP",0.875462392108508
84,1,"RDP",0.923968139029689
84,0,"SAGESAND9",0.00597577373612824
84,1,"SAGESAND9",0.00328886531498914
84,0,"SLOPSTR1",0.0359819949198238
84,1,"SLOPSTR1",0.0348719320600704
84,0,"SPAGESAN1",0.0172626387176326
84,1,"SPAGESAN1",0.0152063721940623
84,0,"SPDIASTRC",1.30826140567201
84,1,"SPDIASTRC",1.56408399710355
84,0,"SSH1",0.0246609124537608
84,1,"SSH1",0.0123099203475742
84,0,"SSH11",0.0382244143033292
84,1,"SSH11",0.0231716147719044
84,0,"SSH7_25",0.130702836004932
84,1,"SSH7_25",0.274438812454743
85,0,"BLDADEN",0.219108679613829
85,1,"BLDADEN",0.22872441890272
85,0,"BLDADEND0",0.0166461159062885
85,1,"BLDADEND0",0.0101375814627082
85,0,"BLDDEND1",0.280517879161529
85,1,"BLDDEND1",0.264301230992035
85,0,"BLDDENI",590.65639858835
85,1,"BLDDENI",648.321085174511
85,0,"L039",0.0104808877928483
85,1,"L039",0.0492396813902969
85,0,"L060",0.00246609124537608
85,1,"L060",0
85,0,"OICP",0.381011097410604
85,1,"OICP",0.485155684286749
85,0,"PCLDEND1",0.237361282367448
85,1,"PCLDEND1",0.169442433019551
85,0,"RDDEN",0.0357690875462392
85,1,"RDDEN",0.0329483091962346
85,0,"RDDEND2",0
85,1,"RDDEND2",0.00144822592324403
85,0,"RDP",0.875462392108508
85,1,"RDP",0.923968139029689
85,0,"SAGESAND9",0.00597577373612824
85,1,"SAGESAND9",0.00328886531498914
85,0,"SDIASTRD10",0.000107414303329223
85,1,"SDIASTRD10",4.01622013034033e-05
85,0,"SLOPSTR1",0.0359819949198238
85,1,"SLOPSTR1",0.0348719320600704
85,0,"SPAGESAN1",0.0172626387176326
85,1,"SPAGESAN1",0.0152063721940623
85,0,"SPDIASTR6",0.0104808877928483
85,1,"SPDIASTR6",0.0195510499637944
85,0,"SPDIASTRC",1.30826140567201
85,1,"SPDIASTRC",1.56408399710355
85,0,"SSH1",0.0246609124537608
85,1,"SSH1",0.0123099203475742
85,0,"SSH7_25",0.130702836004932
85,1,"SSH7_25",0.274438812454743
86,0,"BLDADEN",0.219108679613829
86,1,"BLDADEN",0.22872441890272
86,0,"BLDDENI",590.65639858835
86,1,"BLDDENI",648.321085174511
86,0,"L039",0.0104808877928483
86,1,"L039",0.0492396813902969
86,0,"L060",0.00246609124537608
86,1,"L060",0
86,0,"OICP",0.381011097410604
86,1,"OICP",0.485155684286749
86,0,"PCLDEND1",0.237361282367448
86,1,"PCLDEND1",0.169442433019551
86,0,"RDDEN",0.0357690875462392
86,1,"RDDEN",0.0329483091962346
86,0,"RDDEND2",0
86,1,"RDDEND2",0.00144822592324403
86,0,"RDP",0.875462392108508
86,1,"RDP",0.923968139029689
86,0,"SAGESAND9",0.00597577373612824
86,1,"SAGESAND9",0.00328886531498914
86,0,"SDIASTRD10",0.000107414303329223
86,1,"SDIASTRD10",4.01622013034033e-05
86,0,"SLOPSTR1",0.0359819949198238
86,1,"SLOPSTR1",0.0348719320600704
86,0,"SPAGESAN1",0.0172626387176326
86,1,"SPAGESAN1",0.0152063721940623
86,0,"SPAGESTR2",0.189272503082614
86,1,"SPAGESTR2",0.255611875452571
86,0,"SPDIASTR6",0.0104808877928483
86,1,"SPDIASTR6",0.0195510499637944
86,0,"SPDIASTRC",1.30826140567201
86,1,"SPDIASTRC",1.56408399710355
86,0,"SSH1",0.0246609124537608
86,1,"SSH1",0.0123099203475742
86,0,"SSH24",0.064118372379778
86,1,"SSH24",0.0731354091238233
86,0,"SSH7_25",0.130702836004932
86,1,"SSH7_25",0.274438812454743
87,0,"BLDADEN",0.219108679613829
87,1,"BLDADEN",0.22872441890272
87,0,"BLDADEND0",0.0166461159062885
87,1,"BLDADEND0",0.0101375814627082
87,0,"BLDDEND1",0.280517879161529
87,1,"BLDDEND1",0.264301230992035
87,0,"BLDDENI",590.65639858835
87,1,"BLDDENI",648.321085174511
87,0,"L039",0.0104808877928483
87,1,"L039",0.0492396813902969
87,0,"L060",0.00246609124537608
87,1,"L060",0
87,0,"OICP",0.381011097410604
87,1,"OICP",0.485155684286749
87,0,"PCLDEND1",0.237361282367448
87,1,"PCLDEND1",0.169442433019551
87,0,"RDDEN",0.0357690875462392
87,1,"RDDEN",0.0329483091962346
87,0,"RDDEND2",0
87,1,"RDDEND2",0.00144822592324403
87,0,"RDP",0.875462392108508
87,1,"RDP",0.923968139029689
87,0,"SAGESAND9",0.00597577373612824
87,1,"SAGESAND9",0.00328886531498914
87,0,"SAGESTRD8",0.00348786744759556
87,1,"SAGESTRD8",0.00222033454018827
87,0,"SDIASTRD1",0.0102171522811344
87,1,"SDIASTRD1",0.0104797443881245
87,0,"SDIASTRD10",0.000107414303329223
87,1,"SDIASTRD10",4.01622013034033e-05
87,0,"SPAGESAN1",0.0172626387176326
87,1,"SPAGESAN1",0.0152063721940623
87,0,"SPDIASTRC",1.30826140567201
87,1,"SPDIASTRC",1.56408399710355
87,0,"SSH24",0.064118372379778
87,1,"SSH24",0.0731354091238233
87,0,"SSH7_25",0.130702836004932
87,1,"SSH7_25",0.274438812454743
88,0,"BLDADEN",0.219108679613829
88,1,"BLDADEN",0.22872441890272
88,0,"BLDADEND0",0.0166461159062885
88,1,"BLDADEND0",0.0101375814627082
88,0,"BLDDEND1",0.280517879161529
88,1,"BLDDEND1",0.264301230992035
88,0,"BLDDENI",590.65639858835
88,1,"BLDDENI",648.321085174511
88,0,"L039",0.0104808877928483
88,1,"L039",0.0492396813902969
88,0,"L060",0.00246609124537608
88,1,"L060",0
88,0,"OICP",0.381011097410604
88,1,"OICP",0.485155684286749
88,0,"PCLDEND1",0.237361282367448
88,1,"PCLDEND1",0.169442433019551
88,0,"RDDEN",0.0357690875462392
88,1,"RDDEN",0.0329483091962346
88,0,"RDDEND2",0
88,1,"RDDEND2",0.00144822592324403
88,0,"RDP",0.875462392108508
88,1,"RDP",0.923968139029689
88,0,"SAGESAND9",0.00597577373612824
88,1,"SAGESAND9",0.00328886531498914
88,0,"SDIASTRD10",0.000107414303329223
88,1,"SDIASTRD10",4.01622013034033e-05
88,0,"SLOPSTR1",0.0359819949198238
88,1,"SLOPSTR1",0.0348719320600704
88,0,"SPAGESAN1",0.0172626387176326
88,1,"SPAGESAN1",0.0152063721940623
88,0,"SPDIASTR6",0.0104808877928483
88,1,"SPDIASTR6",0.0195510499637944
88,0,"SPDIASTRC",1.30826140567201
88,1,"SPDIASTRC",1.56408399710355
88,0,"SSH1",0.0246609124537608
88,1,"SSH1",0.0123099203475742
88,0,"SSH7_25",0.130702836004932
88,1,"SSH7_25",0.274438812454743
88,0,"SSH8",0.0271270036991369
88,1,"SSH8",0.0304127443881245
89,0,"BLDADEN",0.219108679613829
89,1,"BLDADEN",0.22872441890272
89,0,"L039",0.0104808877928483
89,1,"L039",0.0492396813902969
89,0,"L060",0.00246609124537608
89,1,"L060",0
89,0,"OICP",0.381011097410604
89,1,"OICP",0.485155684286749
89,0,"PCLDEND1",0.237361282367448
89,1,"PCLDEND1",0.169442433019551
89,0,"RDDEN",0.0357690875462392
89,1,"RDDEN",0.0329483091962346
89,0,"RDP",0.875462392108508
89,1,"RDP",0.923968139029689
89,0,"SAGESAND10",0.000535615906288533
89,1,"SAGESAND10",0.000674198406951484
89,0,"SAGESTRD8",0.00348786744759556
89,1,"SAGESTRD8",0.00222033454018827
89,0,"SLOPSAN1",0.00124404227620562
89,1,"SLOPSAN1",0.00108354191343468
89,0,"SLOPSTR1",0.0359819949198238
89,1,"SLOPSTR1",0.0348719320600704
89,0,"SPAGESAN3",0.625154130702836
89,1,"SPAGESAN3",0.694424330195511
89,0,"SPAGESTR2",0.189272503082614
89,1,"SPAGESTR2",0.255611875452571
89,0,"SPDIASTRC",1.30826140567201
89,1,"SPDIASTRC",1.56408399710355
89,0,"SSH13",0
89,1,"SSH13",0.00144822592324403
89,0,"SSH20",0.0450061652281134
89,1,"SSH20",0.0463432295438088
89,0,"SSH24",0.064118372379778
89,1,"SSH24",0.0731354091238233
89,0,"SSH7_25",0.130702836004932
89,1,"SSH7_25",0.274438812454743
89,0,"SSH8",0.0271270036991369
89,1,"SSH8",0.0304127443881245
89,0,"T20_1800SD",13.8180298264012
89,1,"T20_1800SD",21.6282123972377
90,0,"BLDADEN",0.219108679613829
90,1,"BLDADEN",0.22872441890272
90,0,"BLDDENI",590.65639858835
90,1,"BLDDENI",648.321085174511
90,0,"GWTRTB1YB",0.00369913686806412
90,1,"GWTRTB1YB",0.000724112961622013
90,0,"L039",0.0104808877928483
90,1,"L039",0.0492396813902969
90,0,"L060",0.00246609124537608
90,1,"L060",0
90,0,"OICP",0.381011097410604
90,1,"OICP",0.485155684286749
90,0,"PCLDEND1",0.237361282367448
90,1,"PCLDEND1",0.169442433019551
90,0,"RDDEN",0.0357690875462392
90,1,"RDDEN",0.0329483091962346
90,0,"RDDEND2",0
90,1,"RDDEND2",0.00144822592324403
90,0,"RDP",0.875462392108508
90,1,"RDP",0.923968139029689
90,0,"SAGESAND9",0.00597577373612824
90,1,"SAGESAND9",0.00328886531498914
90,0,"SAGESTRD8",0.00348786744759556
90,1,"SAGESTRD8",0.00222033454018827
90,0,"SDIASTRD10",0.000107414303329223
90,1,"SDIASTRD10",4.01622013034033e-05
90,0,"SLOPSAND7",0.00327393958076449
90,1,"SLOPSAND7",0.00375844895003621
90,0,"SLOPSTR1",0.0359819949198238
90,1,"SLOPSTR1",0.0348719320600704
90,0,"SPAGESAN1",0.0172626387176326
90,1,"SPAGESAN1",0.0152063721940623
90,0,"SPDIASTR6",0.0104808877928483
90,1,"SPDIASTR6",0.0195510499637944
90,0,"SPDIASTRC",1.30826140567201
90,1,"SPDIASTRC",1.56408399710355
90,0,"SSH24",0.064118372379778
90,1,"SSH24",0.0731354091238233
90,0,"SSH7_25",0.130702836004932
90,1,"SSH7_25",0.274438812454743
91,0,"BLDADEN",0.219108679613829
91,1,"BLDADEN",0.22872441890272
91,0,"BLDADEND0",0.0166461159062885
91,1,"BLDADEND0",0.0101375814627082
91,0,"BLDDEND1",0.280517879161529
91,1,"BLDDEND1",0.264301230992035
91,0,"BLDDENI",590.65639858835
91,1,"BLDDENI",648.321085174511
91,0,"L039",0.0104808877928483
91,1,"L039",0.0492396813902969
91,0,"L060",0.00246609124537608
91,1,"L060",0
91,0,"OICP",0.381011097410604
91,1,"OICP",0.485155684286749
91,0,"PCLDEND1",0.237361282367448
91,1,"PCLDEND1",0.169442433019551
91,0,"RDDEN",0.0357690875462392
91,1,"RDDEN",0.0329483091962346
91,0,"RDDEND2",0
91,1,"RDDEND2",0.00144822592324403
91,0,"RDP",0.875462392108508
91,1,"RDP",0.923968139029689
91,0,"SAGESAND9",0.00597577373612824
91,1,"SAGESAND9",0.00328886531498914
91,0,"SDIASTRD10",0.000107414303329223
91,1,"SDIASTRD10",4.01622013034033e-05
91,0,"SLOPSTR1",0.0359819949198238
91,1,"SLOPSTR1",0.0348719320600704
91,0,"SPAGESAN1",0.0172626387176326
91,1,"SPAGESAN1",0.0152063721940623
91,0,"SPDIASTR6",0.0104808877928483
91,1,"SPDIASTR6",0.0195510499637944
91,0,"SPDIASTRC",1.30826140567201
91,1,"SPDIASTRC",1.56408399710355
91,0,"SSH1",0.0246609124537608
91,1,"SSH1",0.0123099203475742
91,0,"SSH7_25",0.130702836004932
91,1,"SSH7_25",0.274438812454743
91,0,"SSH9",0.0117139334155364
91,1,"SSH9",0.00651701665459812
92,0,"GWTRTB1YB",0.00369913686806412
92,1,"GWTRTB1YB",0.000724112961622013
92,0,"GWTRTB4YU",0.777435265104809
92,1,"GWTRTB4YU",0.651701665459812
92,0,"L039",0.0104808877928483
92,1,"L039",0.0492396813902969
92,0,"L060",0.00246609124537608
92,1,"L060",0
92,0,"OICP",0.381011097410604
92,1,"OICP",0.485155684286749
92,0,"PCLDEND1",0.237361282367448
92,1,"PCLDEND1",0.169442433019551
92,0,"RDDEN",0.0357690875462392
92,1,"RDDEN",0.0329483091962346
92,0,"RDDEND2",0
92,1,"RDDEND2",0.00144822592324403
92,0,"RDP",0.875462392108508
92,1,"RDP",0.923968139029689
92,0,"SAGESAND9",0.00597577373612824
92,1,"SAGESAND9",0.00328886531498914
92,0,"SDIASTRD10",0.000107414303329223
92,1,"SDIASTRD10",4.01622013034033e-05
92,0,"SLOPSAND7",0.00327393958076449
92,1,"SLOPSAND7",0.00375844895003621
92,0,"SLOPSTR1",0.0359819949198238
92,1,"SLOPSTR1",0.0348719320600704
92,0,"SPAGESAN1",0.0172626387176326
92,1,"SPAGESAN1",0.0152063721940623
92,0,"SPAGESTR2",0.189272503082614
92,1,"SPAGESTR2",0.255611875452571
92,0,"SPDIASTR6",0.0104808877928483
92,1,"SPDIASTR6",0.0195510499637944
92,0,"SPDIASTRC",1.30826140567201
92,1,"SPDIASTRC",1.56408399710355
92,0,"SSH1",0.0246609124537608
92,1,"SSH1",0.0123099203475742
92,0,"SSH24",0.064118372379778
92,1,"SSH24",0.0731354091238233
92,0,"SSH7_25",0.130702836004932
92,1,"SSH7_25",0.274438812454743
93,0,"BLDADEN",0.219108679613829
93,1,"BLDADEN",0.22872441890272
93,0,"BLDADEND0",0.0166461159062885
93,1,"BLDADEND0",0.0101375814627082
93,0,"BLDDEND1",0.280517879161529
93,1,"BLDDEND1",0.264301230992035
93,0,"BLDDENI",590.65639858835
93,1,"BLDDENI",648.321085174511
93,0,"L039",0.0104808877928483
93,1,"L039",0.0492396813902969
93,0,"L060",0.00246609124537608
93,1,"L060",0
93,0,"OICP",0.381011097410604
93,1,"OICP",0.485155684286749
93,0,"PCLDEND1",0.237361282367448
93,1,"PCLDEND1",0.169442433019551
93,0,"RDDEN",0.0357690875462392
93,1,"RDDEN",0.0329483091962346
93,0,"RDDEND2",0
93,1,"RDDEND2",0.00144822592324403
93,0,"RDP",0.875462392108508
93,1,"RDP",0.923968139029689
93,0,"SAGESAND9",0.00597577373612824
93,1,"SAGESAND9",0.00328886531498914
93,0,"SLOPSAN1",0.00124404227620562
93,1,"SLOPSAN1",0.00108354191343468
93,0,"SLOPSTR1",0.0359819949198238
93,1,"SLOPSTR1",0.0348719320600704
93,0,"SPAGESAN1",0.0172626387176326
93,1,"SPAGESAN1",0.0152063721940623
93,0,"SPAGESAN3",0.625154130702836
93,1,"SPAGESAN3",0.694424330195511
93,0,"SPAGESTR2",0.189272503082614
93,1,"SPAGESTR2",0.255611875452571
93,0,"SPDIASTRC",1.30826140567201
93,1,"SPDIASTRC",1.56408399710355
93,0,"SSH24",0.064118372379778
93,1,"SSH24",0.0731354091238233
93,0,"SSH7_25",0.130702836004932
93,1,"SSH7_25",0.274438812454743
94,0,"BLDADEN",0.219108679613829
94,1,"BLDADEN",0.22872441890272
94,0,"BLDADEND0",0.0166461159062885
94,1,"BLDADEND0",0.0101375814627082
94,0,"BLDDEND1",0.280517879161529
94,1,"BLDDEND1",0.264301230992035
94,0,"BLDDENI",590.65639858835
94,1,"BLDDENI",648.321085174511
94,0,"GWTRTB1YB",0.00369913686806412
94,1,"GWTRTB1YB",0.000724112961622013
94,0,"L039",0.0104808877928483
94,1,"L039",0.0492396813902969
94,0,"L060",0.00246609124537608
94,1,"L060",0
94,0,"OICP",0.381011097410604
94,1,"OICP",0.485155684286749
94,0,"PCLDEND1",0.237361282367448
94,1,"PCLDEND1",0.169442433019551
94,0,"RDDEN",0.0357690875462392
94,1,"RDDEN",0.0329483091962346
94,0,"RDP",0.875462392108508
94,1,"RDP",0.923968139029689
94,0,"SAGESAND9",0.00597577373612824
94,1,"SAGESAND9",0.00328886531498914
94,0,"SDIASTRD10",0.000107414303329223
94,1,"SDIASTRD10",4.01622013034033e-05
94,0,"SLOPSAND7",0.00327393958076449
94,1,"SLOPSAND7",0.00375844895003621
94,0,"SLOPSTR1",0.0359819949198238
94,1,"SLOPSTR1",0.0348719320600704
94,0,"SPAGESAN1",0.0172626387176326
94,1,"SPAGESAN1",0.0152063721940623
94,0,"SPDIASTR6",0.0104808877928483
94,1,"SPDIASTR6",0.0195510499637944
94,0,"SPDIASTRC",1.30826140567201
94,1,"SPDIASTRC",1.56408399710355
94,0,"SSH1",0.0246609124537608
94,1,"SSH1",0.0123099203475742
94,0,"SSH7_25",0.130702836004932
94,1,"SSH7_25",0.274438812454743
95,0,"BLDADEN",0.219108679613829
95,1,"BLDADEN",0.22872441890272
95,0,"BLDADEND0",0.0166461159062885
95,1,"BLDADEND0",0.0101375814627082
95,0,"BLDDEND1",0.280517879161529
95,1,"BLDDEND1",0.264301230992035
95,0,"BLDDENI",590.65639858835
95,1,"BLDDENI",648.321085174511
95,0,"L039",0.0104808877928483
95,1,"L039",0.0492396813902969
95,0,"L060",0.00246609124537608
95,1,"L060",0
95,0,"OICP",0.381011097410604
95,1,"OICP",0.485155684286749
95,0,"PCLDEND1",0.237361282367448
95,1,"PCLDEND1",0.169442433019551
95,0,"RDDEN",0.0357690875462392
95,1,"RDDEN",0.0329483091962346
95,0,"RDDEND2",0
95,1,"RDDEND2",0.00144822592324403
95,0,"RDP",0.875462392108508
95,1,"RDP",0.923968139029689
95,0,"SAGESAND9",0.00597577373612824
95,1,"SAGESAND9",0.00328886531498914
95,0,"SDIASTRD10",0.000107414303329223
95,1,"SDIASTRD10",4.01622013034033e-05
95,0,"SLOPSTR1",0.0359819949198238
95,1,"SLOPSTR1",0.0348719320600704
95,0,"SPAGESAN1",0.0172626387176326
95,1,"SPAGESAN1",0.0152063721940623
95,0,"SPAGESTR2",0.189272503082614
95,1,"SPAGESTR2",0.255611875452571
95,0,"SPDIASTR6",0.0104808877928483
95,1,"SPDIASTR6",0.0195510499637944
95,0,"SPDIASTRC",1.30826140567201
95,1,"SPDIASTRC",1.56408399710355
95,0,"SSH7_25",0.130702836004932
95,1,"SSH7_25",0.274438812454743
95,0,"SSH9",0.0117139334155364
95,1,"SSH9",0.00651701665459812
96,0,"BLDADEN",0.219108679613829
96,1,"BLDADEN",0.22872441890272
96,0,"BLDADEND0",0.0166461159062885
96,1,"BLDADEND0",0.0101375814627082
96,0,"BLDDEND1",0.280517879161529
96,1,"BLDDEND1",0.264301230992035
96,0,"BLDDENI",590.65639858835
96,1,"BLDDENI",648.321085174511
96,0,"L039",0.0104808877928483
96,1,"L039",0.0492396813902969
96,0,"L060",0.00246609124537608
96,1,"L060",0
96,0,"OICP",0.381011097410604
96,1,"OICP",0.485155684286749
96,0,"PCLDEND1",0.237361282367448
96,1,"PCLDEND1",0.169442433019551
96,0,"RDDEN",0.0357690875462392
96,1,"RDDEN",0.0329483091962346
96,0,"RDDEND2",0
96,1,"RDDEND2",0.00144822592324403
96,0,"RDP",0.875462392108508
96,1,"RDP",0.923968139029689
96,0,"SAGESAND9",0.00597577373612824
96,1,"SAGESAND9",0.00328886531498914
96,0,"SDIASTRD1",0.0102171522811344
96,1,"SDIASTRD1",0.0104797443881245
96,0,"SDIASTRD10",0.000107414303329223
96,1,"SDIASTRD10",4.01622013034033e-05
96,0,"SLOPSTR1",0.0359819949198238
96,1,"SLOPSTR1",0.0348719320600704
96,0,"SPAGESAN1",0.0172626387176326
96,1,"SPAGESAN1",0.0152063721940623
96,0,"SPAGESTR2",0.189272503082614
96,1,"SPAGESTR2",0.255611875452571
96,0,"SPDIASTR6",0.0104808877928483
96,1,"SPDIASTR6",0.0195510499637944
96,0,"SPDIASTRC",1.30826140567201
96,1,"SPDIASTRC",1.56408399710355
96,0,"SSH7_25",0.130702836004932
96,1,"SSH7_25",0.274438812454743
97,0,"BLDADEN",0.219108679613829
97,1,"BLDADEN",0.22872441890272
97,0,"BLDADEND0",0.0166461159062885
97,1,"BLDADEND0",0.0101375814627082
97,0,"BLDDEND1",0.280517879161529
97,1,"BLDDEND1",0.264301230992035
97,0,"BLDDENI",590.65639858835
97,1,"BLDDENI",648.321085174511
97,0,"L039",0.0104808877928483
97,1,"L039",0.0492396813902969
97,0,"L060",0.00246609124537608
97,1,"L060",0
97,0,"OICP",0.381011097410604
97,1,"OICP",0.485155684286749
97,0,"PCLDEND1",0.237361282367448
97,1,"PCLDEND1",0.169442433019551
97,0,"RDDEN",0.0357690875462392
97,1,"RDDEN",0.0329483091962346
97,0,"RDDEND2",0
97,1,"RDDEND2",0.00144822592324403
97,0,"RDP",0.875462392108508
97,1,"RDP",0.923968139029689
97,0,"SAGESAND9",0.00597577373612824
97,1,"SAGESAND9",0.00328886531498914
97,0,"SDIASTRD10",0.000107414303329223
97,1,"SDIASTRD10",4.01622013034033e-05
97,0,"SLOPSTR1",0.0359819949198238
97,1,"SLOPSTR1",0.0348719320600704
97,0,"SPAGESAN1",0.0172626387176326
97,1,"SPAGESAN1",0.0152063721940623
97,0,"SPAGESTR2",0.189272503082614
97,1,"SPAGESTR2",0.255611875452571
97,0,"SPDIASTR6",0.0104808877928483
97,1,"SPDIASTR6",0.0195510499637944
97,0,"SPDIASTRC",1.30826140567201
97,1,"SPDIASTRC",1.56408399710355
97,0,"SSH1",0.0246609124537608
97,1,"SSH1",0.0123099203475742
97,0,"SSH7_25",0.130702836004932
97,1,"SSH7_25",0.274438812454743
