VARSET3,VARNAMES3,FUNCLABEL3,DFCOEF3,Y0,Y1,Z0,Z1,DFCOEF3_ADJ,Z0_ADJ,Z1_ADJ,SD,B*,LOADING,RL,RANK
1,RDDEND1,LN1,2.10626077378,0.74,0.489795918367,1.5586329726,1.03163793001,-2.10626077378,-1.5586329726,-1.03163793001,0.488794241321,1.02952813694,1.02952813694,1.0,1.0
2,PCLDEND0,LN1,2.39725575173,0.04,0.183673469388,1.20297598182,1.9344043093,2.39725575173,1.20297598182,1.9344043093,0.315869027653,0.757218843335,0.699534699284,0.939417387156,2.0
2,SPDIASTR2,LN1,1.78562218025,0.62,0.836734693878,1.20297598182,1.9344043093,1.78562218025,1.20297598182,1.9344043093,0.447628258172,0.799294946298,0.744647383419,1.0,1.0
3,PCLDEND0,LN1,1.75184890021,0.04,0.183673469388,-0.532814905545,0.418523222666,1.75184890021,-0.532814905545,0.418523222666,0.315869027653,0.553354808706,0.582510832731,0.994733948768,2.0
3,RDDEND1,LN1,-1.44734590703,0.74,0.489795918367,-0.532814905545,0.418523222666,-1.44734590703,-0.532814905545,0.418523222666,0.488794241321,-0.707454344554,-0.655545408748,-1.11945261169,3.0
3,SDIASTR2,LN1,52.2402666641,0.00896142266379,0.0154221872608,-0.532814905545,0.418523222666,52.2402666641,-0.532814905545,0.418523222666,0.0141293219768,0.73811954785,0.585594603917,1.0,1.0
4,RDDEND1,LN1,-1.51005225882,0.74,0.489795918367,-0.568003944718,0.352978022879,-1.51005225882,-0.568003944718,0.352978022879,0.488794241321,-0.738104848206,-0.669175437257,-1.76751765542,3.0
4,SDENSTR,LN1,30.6514718468,0.0338100779201,0.0406710985381,-0.568003944718,0.352978022879,30.6514718468,-0.568003944718,0.352978022879,0.0236910427014,0.726165328382,0.378596182733,1.0,1.0
4,SDIASTRD8,LN1,-76.7146263319,0.00634682,0.00200787755102,-0.568003944718,0.352978022879,-76.7146263319,-0.568003944718,0.352978022879,0.0100227408606,-0.768890819943,-0.565938279131,-1.49483355866,2.0
5,BLDADEND5,LN1,2.53340877269,0.0,0.122448979592,0.975746900839,1.88179306848,2.53340877269,0.975746900839,1.88179306848,0.239820588476,0.607563582716,0.674603199056,1.0,1.0
5,PCLDEND0,LN1,1.96420554607,0.04,0.183673469388,0.975746900839,1.88179306848,1.96420554607,0.975746900839,1.88179306848,0.315869027653,0.620431695948,0.600965064121,0.890842298053,3.0
5,SPDIASTR2,LN1,1.44706238548,0.62,0.836734693878,0.975746900839,1.88179306848,1.44706238548,0.975746900839,1.88179306848,0.447628258172,0.647746015077,0.639721035971,0.948292324831,2.0
6,BLDADEND5,LN1,2.44441505856,0.0,0.122448979592,0.952560259941,1.890515552,2.44441505856,0.952560259941,1.890515552,0.239820588476,0.586221057822,0.659741772095,1.0,1.0
6,SDIASTRD7,LN1,29.6222115457,0.00619772,0.0135395918367,0.952560259941,1.890515552,29.6222115457,0.952560259941,1.890515552,0.0184201364495,0.545645178608,0.515014234451,0.780630022585,2.0
6,SDIASTRD8,LN1,-59.0156623368,0.00634682,0.00200787755102,0.952560259941,1.890515552,-59.0156623368,0.952560259941,1.890515552,0.0100227408606,-0.591498690319,-0.559374500218,-0.847868853963,4.0
6,TSLOPE,LN1,0.174366169707,6.55822098378,7.50502803674,0.952560259941,1.890515552,0.174366169707,0.952560259941,1.890515552,3.17069636074,0.552862179726,0.385844316009,0.584841421794,3.0
7,RDDEN,LN1,-29.7548071986,0.04717518,0.0415864489796,-0.786756709192,0.203534742386,-29.7548071986,-0.786756709192,0.203534742386,0.0272652203833,-0.811271375732,-0.256133214748,-0.448271986794,4.0
7,SAGESAND0,LN1,311.684984875,0.0,0.000749734693878,-0.786756709192,0.203534742386,311.684984875,-0.786756709192,0.203534742386,0.00173941037205,0.542148095502,0.538601126757,0.942633689343,2.0
7,SDIASTR2,LN1,33.8154714912,0.00896142266379,0.0154221872608,-0.786756709192,0.203534742386,33.8154714912,-0.786756709192,0.203534742386,0.0141293219768,0.477789684496,0.57137903392,1.0,1.0
7,SDIASTRD7,LN1,50.6471643863,0.00619772,0.0135395918367,-0.786756709192,0.203534742386,50.6471643863,-0.786756709192,0.203534742386,0.0184201364495,0.932927678775,0.498053115185,0.871668517076,3.0
8,RDDEND1,LN1,-1.64250103032,0.74,0.489795918367,-0.544830739637,0.521566642488,-1.64250103032,-0.544830739637,0.521566642488,0.488794241321,-0.802845044986,-0.61295616791,-1.18757967634,4.0
8,SAGESAND0,LN1,309.100968003,0.0,0.000749734693878,-0.544830739637,0.521566642488,309.100968003,-0.544830739637,0.521566642488,0.00173941037205,0.537653429754,0.516138984292,1.0,1.0
8,SDENSTRD10,LN1,1.29850936126,0.82,0.938775510204,-0.544830739637,0.521566642488,1.29850936126,-0.544830739637,0.521566642488,0.558290526239,0.724945474625,0.254757956371,0.493584023149,2.0
8,SDIASTRD8,LN1,-62.1031718925,0.00634682,0.00200787755102,-0.544830739637,0.521566642488,-62.1031718925,-0.544830739637,0.521566642488,0.0100227408606,-0.6224439985,-0.518392247438,-1.00436561317,3.0
9,RDDEND1,LN1,-1.46966325456,0.74,0.489795918367,-0.186823537727,0.84548607349,-1.46966325456,-0.186823537727,0.84548607349,0.488794241321,-0.718362935509,-0.624238467743,-1.34087700477,4.0
9,SDENSTRD10,LN1,1.20655754696,0.82,0.938775510204,-0.186823537727,0.84548607349,1.20655754696,-0.186823537727,0.84548607349,0.558290526239,0.673609647828,0.25944712633,0.557297737363,2.0
9,SDIASTRD8,LN1,-76.3664472666,0.00634682,0.00200787755102,-0.186823537727,0.84548607349,-76.3664472666,-0.186823537727,0.84548607349,0.0100227408606,-0.765401111398,-0.527933968482,-1.13401296933,3.0
9,SPDIASTR3,LN1,0.990085442453,0.4,0.591836734694,-0.186823537727,0.84548607349,0.990085442453,-0.186823537727,0.84548607349,0.50251890763,0.497536655002,0.465544912415,1.0,1.0
10,RDDEND1,LN1,-1.49723984911,0.74,0.489795918367,0.942624274212,1.98691554859,-1.49723984911,0.942624274212,1.98691554859,0.488794241321,-0.731842216123,-0.620156068941,-1.02299503935,4.0
10,SDIASTR2,LN1,47.8375567494,0.00896142266379,0.0154221872608,0.942624274212,1.98691554859,47.8375567494,0.942624274212,1.98691554859,0.0141293219768,0.675912241895,0.553981528528,0.913835055334,2.0
10,SPAGESAN1,LN1,3.41632535369,0.0,0.0408163265306,0.942624274212,1.98691554859,3.41632535369,0.942624274212,1.98691554859,0.14140677897,0.48309156418,0.349700597589,0.576857978997,3.0
10,SPAGESTR3,LN1,1.84305590605,0.88,1.0,0.942624274212,1.98691554859,1.84305590605,0.942624274212,1.98691554859,0.239820588476,0.442002751982,0.606216105735,1.0,1.0
11,RDDEND1,LN1,-1.74307018483,0.74,0.489795918367,0.117784323622,1.25845843461,-1.74307018483,0.117784323622,1.25845843461,0.488794241321,-0.852002668565,-0.591619814543,-1.11945261169,5.0
11,SDIASTR2,LN1,52.1237061274,0.00896142266379,0.0154221872608,0.117784323622,1.25845843461,52.1237061274,0.117784323622,1.25845843461,0.0141293219768,0.736472626497,0.528490271373,1.0,1.0
11,SDIASTRD7,LN1,25.8286377877,0.00619772,0.0135395918367,0.117784323622,1.25845843461,25.8286377877,0.117784323622,1.25845843461,0.0184201364495,0.475767032354,0.460668331137,0.871668517076,2.0
11,SPAGESAN1,LN1,3.52094959717,0.0,0.0408163265306,0.117784323622,1.25845843461,3.52094959717,0.117784323622,1.25845843461,0.14140677897,0.497886141453,0.333609252659,0.631249562631,3.0
11,SPDIASTRC,LN1,0.453764554651,1.72,1.79591836735,0.117784323622,1.25845843461,0.453764554651,0.117784323622,1.25845843461,0.990680132184,0.449535528982,0.0885702372304,0.167591045716,4.0
12,PCLDEND4,LN1,1.54020053937,0.06,0.163265306122,0.126991171611,1.23020215591,1.54020053937,0.126991171611,1.23020215591,0.315869027653,0.486501646763,0.384392569658,0.856382978723,2.0
12,SDENSAND10,LN1,-1.22751545937,0.9,0.734693877551,0.126991171611,1.23020215591,-1.22751545937,0.126991171611,1.23020215591,0.522232967867,-0.641049041448,-0.372179325857,-0.829173258943,4.0
12,SDENSTR,LN1,33.3175904144,0.0338100779201,0.0406710985381,0.126991171611,1.23020215591,33.3175904144,0.126991171611,1.23020215591,0.0236910427014,0.789328457215,0.340511779066,0.758621562082,3.0
12,SDIASTRD8,LN1,-68.6024008209,0.00634682,0.00200787755102,0.126991171611,1.23020215591,-68.6024008209,0.126991171611,1.23020215591,0.0100227408606,-0.687584085843,-0.509008434468,-1.13401296933,5.0
12,SPDIASTR3,LN1,1.12069953559,0.4,0.591836734694,0.126991171611,1.23020215591,1.12069953559,0.126991171611,1.23020215591,0.50251890763,0.563172706405,0.44885591985,1.0,1.0
13,BLDADEND5,LN1,2.32693157476,0.0,0.122448979592,-0.39996153081,0.625632410633,2.32693157476,-0.39996153081,0.625632410633,0.239820588476,0.558046099602,0.624999714329,1.0,1.0
13,SDENSAND10,LN1,-1.49718302246,0.9,0.734693877551,-0.39996153081,0.625632410633,-1.49718302246,-0.39996153081,0.625632410633,0.522232967867,-0.781878333259,-0.387467933831,-0.619948977492,5.0
13,SDENSTRD10,LN1,1.39099107399,0.82,0.938775510204,-0.39996153081,0.625632410633,1.39099107399,-0.39996153081,0.625632410633,0.558290526239,0.77657713869,0.260422053529,0.416675476097,2.0
13,T10_300SD,LN1,0.0395609111934,4.51136074253,7.03147601546,-0.39996153081,0.625632410633,0.0395609111934,-0.39996153081,0.625632410633,19.7351951073,0.780742301025,0.156311199168,0.250098032983,3.0
13,T20_1100MN,LN1,-0.0368495828449,10.0837785471,3.88950778851,-0.39996153081,0.625632410633,-0.0368495828449,-0.39996153081,0.625632410633,24.4065377009,-0.899370732966,-0.310666999386,-0.497067426214,4.0
14,PCLDEND4,LN1,1.36475679821,0.06,0.163265306122,-0.269259810298,0.814020315835,1.36475679821,-0.269259810298,0.814020315835,0.315869027653,0.431084402833,0.38814373762,0.675206247018,4.0
14,RDDEN,LN1,-26.7337760934,0.04717518,0.0415864489796,-0.269259810298,0.814020315835,-26.7337760934,-0.269259810298,0.814020315835,0.0272652203833,-0.728902296864,-0.243360105986,-0.423343848967,5.0
14,SAGESAND0,LN1,294.504654975,0.0,0.000749734693878,-0.269259810298,0.814020315835,294.504654975,-0.269259810298,0.814020315835,0.00173941037205,0.512264451479,0.511741624063,0.890214392084,2.0
14,SDIASTRD7,LN1,49.083004642,0.00619772,0.0135395918367,-0.269259810298,0.814020315835,49.083004642,-0.269259810298,0.814020315835,0.0184201364495,0.904115642856,0.473215701514,0.823195550722,3.0
14,SPDIASTR2,LN1,0.977133486397,0.62,0.836734693878,-0.269259810298,0.814020315835,0.977133486397,-0.269259810298,0.814020315835,0.447628258172,0.437392560517,0.57485211272,1.0,1.0
15,PCLDEND0,LN1,1.67301057807,0.04,0.183673469388,0.187688260484,1.27545968465,1.67301057807,0.187688260484,1.27545968465,0.315869027653,0.528452224547,0.538825980925,0.939417387156,2.0
15,PCLDEND4,LN1,1.44621557588,0.06,0.163265306122,0.187688260484,1.27545968465,1.44621557588,0.187688260484,1.27545968465,0.315869027653,0.456814707729,0.38728117379,0.675206247018,4.0
15,RDDEN,LN1,-21.1078595022,0.04717518,0.0415864489796,0.187688260484,1.27545968465,-21.1078595022,0.187688260484,1.27545968465,0.0272652203833,-0.575510441147,-0.242819291837,-0.423343848967,5.0
15,SDIASTRD7,LN1,42.5322535898,0.00619772,0.0135395918367,0.187688260484,1.27545968465,42.5322535898,0.187688260484,1.27545968465,0.0184201364495,0.783449914628,0.472164084012,0.823195550722,3.0
15,SPDIASTR2,LN1,1.2357402831,0.62,0.836734693878,0.187688260484,1.27545968465,1.2357402831,0.187688260484,1.27545968465,0.447628258172,0.553152270476,0.573574630715,1.0,1.0
16,RDDEND1,LN1,-1.6799369615,0.74,0.489795918367,-0.650406486394,0.499769522827,-1.6799369615,-0.650406486394,0.499769522827,0.488794241321,-0.821143512563,-0.589178626584,-1.18757967634,5.0
16,SAGESAND0,LN1,308.651058936,0.0,0.000749734693878,-0.650406486394,0.499769522827,308.651058936,-0.650406486394,0.499769522827,0.00173941037205,0.536870853256,0.49611713498,1.0,1.0
16,SDENSTRD10,LN1,1.29301192495,0.82,0.938775510204,-0.650406486394,0.499769522827,1.29301192495,-0.650406486394,0.499769522827,0.558290526239,0.721876308014,0.244875491437,0.493584023149,2.0
16,SDIASTRD8,LN1,-65.9190140373,0.00634682,0.00200787755102,-0.650406486394,0.499769522827,-65.9190140373,-0.650406486394,0.499769522827,0.0100227408606,-0.660689195483,-0.498282990477,-1.00436561317,4.0
16,T5_25MN,LN1,-1.4159403479,0.0347096519587,-0.00684969634391,-0.650406486394,0.499769522827,-1.4159403479,-0.650406486394,0.499769522827,0.273739167128,-0.387598331538,-0.174747294833,-0.352229912075,3.0
17,PCLDEND0,LN1,1.57816222516,0.04,0.183673469388,0.359810137285,1.50143789813,1.57816222516,0.359810137285,1.50143789813,0.315869027653,0.498492567539,0.525487052839,0.994733948768,2.0
17,RDDEND1,LN1,-1.51039158595,0.74,0.489795918367,0.359810137285,1.50143789813,-1.51039158595,0.359810137285,1.50143789813,0.488794241321,-0.738270709351,-0.59137204922,-1.11945261169,5.0
17,SDIASTR2,LN1,50.3016763122,0.00896142266379,0.0154221872608,0.359810137285,1.50143789813,50.3016763122,0.359810137285,1.50143789813,0.0141293219768,0.710728580587,0.528268944163,1.0,1.0
17,SDIASTRD7,LN1,23.9749419441,0.00619772,0.0135395918367,0.359810137285,1.50143789813,23.9749419441,0.359810137285,1.50143789813,0.0184201364495,0.44162170198,0.460475407176,0.871668517076,3.0
17,SPDIASTRC,LN1,0.473842361956,1.72,1.79591836735,0.359810137285,1.50143789813,0.473842361956,0.359810137285,1.50143789813,0.990680132184,0.469426213777,0.0885331447718,0.167591045716,4.0
18,PCLDEND6,LN1,-7.24321874258,0.02,0.0,-0.299240237899,0.924180769121,-7.24321874258,-0.299240237899,0.924180769121,0.100503781526,-0.727970874048,-0.222476046292,-0.461681040585,3.0
18,RDDEN,LN1,-35.8500126511,0.04717518,0.0415864489796,-0.299240237899,0.924180769121,-35.8500126511,-0.299240237899,0.924180769121,0.0272652203833,-0.977458495675,-0.229160552433,-0.475552690151,4.0
18,SAGESAND0,LN1,285.251596236,0.0,0.000749734693878,-0.299240237899,0.924180769121,285.251596236,-0.299240237899,0.924180769121,0.00173941037205,0.496169585137,0.481882569859,1.0,1.0
18,SDENSTR,LN1,57.214218359,0.0338100779201,0.0406710985381,-0.299240237899,0.924180769121,57.214218359,-0.299240237899,0.924180769121,0.0236910427014,1.35546449027,0.323772690241,0.671891266654,2.0
18,SDIASTRD8,LN1,-62.6395965364,0.00634682,0.00200787755102,-0.299240237899,0.924180769121,-62.6395965364,-0.299240237899,0.924180769121,0.0100227408606,-0.627820443697,-0.483986282751,-1.00436561317,5.0
19,BLDADEND5,LN1,1.99819853174,0.0,0.122448979592,2.61991543733,3.72503256993,1.99819853174,2.61991543733,3.72503256993,0.239820588476,0.479209147772,0.599794270293,1.0,1.0
19,PCLDEND0,LN1,1.55533849005,0.04,0.183673469388,2.61991543733,3.72503256993,1.55533849005,2.61991543733,3.72503256993,0.315869027653,0.491283256524,0.534322106107,0.890842298053,4.0
19,SDIASTRD7,LN1,18.6563588012,0.00619772,0.0135395918367,2.61991543733,3.72503256993,18.6563588012,2.61991543733,3.72503256993,0.0184201364495,0.34365267477,0.468217414765,0.780630022585,5.0
19,SPAGESTR3,LN1,1.88502553293,0.88,1.0,2.61991543733,3.72503256993,1.88502553293,2.61991543733,3.72503256993,0.239820588476,0.452067932598,0.587798384887,0.98,2.0
19,SPDIASTR2,LN1,1.26331054949,0.62,0.836734693878,2.61991543733,3.72503256993,1.26331054949,2.61991543733,3.72503256993,0.447628258172,0.565493500798,0.568780302996,0.948292324831,3.0
20,PCLDEND0,LN1,1.74528860256,0.04,0.183673469388,0.359766708362,1.57429944937,1.74528860256,0.359766708362,1.57429944937,0.315869027653,0.551282613864,0.510188824488,0.939417387156,2.0
20,PCLDEND4,LN1,1.10086471131,0.06,0.163265306122,0.359766708362,1.57429944937,1.10086471131,0.359766708362,1.57429944937,0.315869027653,0.347729065938,0.366698217601,0.675206247018,3.0
20,RDDEND1,LN1,-1.3336293685,0.74,0.489795918367,0.359766708362,1.57429944937,-1.3336293685,0.359766708362,1.57429944937,0.488794241321,-0.651870355381,-0.574155745601,-1.05720051962,6.0
20,SDENSTRD10,LN1,1.0519636839,0.82,0.938775510204,0.359766708362,1.57429944937,1.0519636839,0.359766708362,1.57429944937,0.558290526239,0.58730135867,0.238631654343,0.43939560111,4.0
20,SDIASTRD8,LN1,-41.1368124011,0.00634682,0.00200787755102,0.359766708362,1.57429944937,-41.1368124011,0.359766708362,1.57429944937,0.0100227408606,-0.412303610527,-0.485577767096,-0.894100723756,5.0
20,SPDIASTR2,LN1,0.982688285737,0.62,0.836734693878,0.359766708362,1.57429944937,0.982688285737,0.359766708362,1.57429944937,0.447628258172,0.43987904567,0.543090676693,1.0,1.0
21,PCLDEND4,LN1,1.36359036471,0.06,0.163265306122,1.31543403319,2.47681417935,1.36359036471,1.31543403319,2.47681417935,0.315869027653,0.430715962618,0.374503770833,0.653360103801,5.0
21,RDDEN,LN1,-21.3767903224,0.04717518,0.0415864489796,1.31543403319,2.47681417935,-21.3767903224,1.31543403319,2.47681417935,0.0272652203833,-0.582842899229,-0.234808058274,-0.409646655857,6.0
21,SAGESAND0,LN1,270.688581768,0.0,0.000749734693878,1.31543403319,2.47681417935,270.688581768,1.31543403319,2.47681417935,0.00173941037205,0.470838526721,0.493758237808,0.86141170966,3.0
21,SDIASTRD7,LN1,41.0950525505,0.00619772,0.0135395918367,1.31543403319,2.47681417935,41.0950525505,1.31543403319,2.47681417935,0.0184201364495,0.75697647538,0.45658617532,0.796561247535,4.0
21,SPAGESTR3,LN1,1.58984022532,0.88,1.0,1.31543403319,2.47681417935,1.58984022532,1.31543403319,2.47681417935,0.239820588476,0.381276418419,0.573196570549,1.0,1.0
21,SPDIASTR2,LN1,0.94889921809,0.62,0.836734693878,1.31543403319,2.47681417935,0.94889921809,1.31543403319,2.47681417935,0.447628258172,0.424754104174,0.554650927012,0.967645229419,2.0
22,RDDEND1,LN1,-1.46207252223,0.74,0.489795918367,-0.525781030073,0.647859002832,-1.46207252223,-0.525781030073,0.647859002832,0.488794241321,-0.714652629261,-0.583404867132,-1.11945261169,6.0
22,SDIASTR2,LN1,42.6546587811,0.00896142266379,0.0154221872608,-0.525781030073,0.647859002832,42.6546587811,-0.525781030073,0.647859002832,0.0141293219768,0.602681407728,0.521151910351,1.0,1.0
22,SDIASTRD7,LN1,31.1534559143,0.00619772,0.0135395918367,-0.525781030073,0.647859002832,31.1534559143,-0.525781030073,0.647859002832,0.0184201364495,0.573850908815,0.454271712867,0.871668517076,2.0
22,SPAGESAN1,LN1,3.48910149536,0.0,0.0408163265306,-0.525781030073,0.647859002832,3.48910149536,-0.525781030073,0.647859002832,0.14140677897,0.493382603959,0.328976915473,0.631249562631,3.0
22,T10_750SD,LN1,0.0275383613174,14.520673792,11.8223442179,-0.525781030073,0.647859002832,0.0275383613174,-0.525781030073,0.647859002832,34.7931242701,0.958145627512,-0.0883900345305,-0.169605124293,4.0
22,T20_1300SD,LN1,-0.0211189784949,19.8423303421,8.69537078891,-0.525781030073,0.647859002832,-0.0211189784949,-0.525781030073,0.647859002832,46.2820754209,-0.977430155515,-0.274501889392,-0.526721449044,5.0
23,PCLDEND0,LN1,1.72497909381,0.04,0.183673469388,1.72383903697,2.9382587711,1.72497909381,1.72383903697,2.9382587711,0.315869027653,0.544867469082,0.510210338232,0.909022753115,3.0
23,PCLDEND5,LN1,-2.2272677631,0.04,0.0204081632653,1.72383903697,2.9382587711,-2.2272677631,1.72383903697,2.9382587711,0.172292196902,-0.383740855993,-0.127552584558,-0.227255688279,5.0
23,RDDEND1,LN1,-1.162448358,0.74,0.489795918367,1.72383903697,2.9382587711,-1.162448358,1.72383903697,2.9382587711,0.488794241321,-0.568198063224,-0.574179956715,-1.02299503935,6.0
23,SDIASTR2,LN1,49.1101005485,0.00896142266379,0.0154221872608,1.72383903697,2.9382587711,49.1101005485,1.72383903697,2.9382587711,0.0141293219768,0.693892422963,0.512911355708,0.913835055334,2.0
23,SPAGESTR3,LN1,2.10973633481,0.88,1.0,1.72383903697,2.9382587711,2.10973633481,1.72383903697,2.9382587711,0.239820588476,0.505958209343,0.561273451609,1.0,1.0
23,SSH18,LN1,0.904347135156,0.34,0.408163265306,1.72383903697,2.9382587711,0.904347135156,1.72383903697,2.9382587711,0.486257229858,0.439745332771,0.157240361599,0.280149294694,4.0
24,PCLDEND6,LN1,-7.06787754187,0.02,0.0,-0.705356274217,0.644189522801,-7.06787754187,-0.705356274217,0.644189522801,0.100503781526,-0.71034842032,-0.213767740544,-0.461681040585,3.0
24,RDDEN,LN1,-24.5209801772,0.04717518,0.0415864489796,-0.705356274217,0.644189522801,-24.5209801772,-0.705356274217,0.644189522801,0.0272652203833,-0.668569928544,-0.220190597289,-0.475552690151,4.0
24,RDDEND1,LN1,-0.996882115914,0.74,0.489795918367,-0.705356274217,0.644189522801,-0.996882115914,-0.705356274217,0.644189522801,0.488794241321,-0.487270237535,-0.549873617953,-1.18757967634,6.0
24,SAGESAND0,LN1,259.36570146,0.0,0.000749734693878,-0.705356274217,0.644189522801,259.36570146,-0.705356274217,0.644189522801,0.00173941037205,0.451143391273,0.463020400996,1.0,1.0
24,SDENSTR,LN1,51.2706206638,0.0338100779201,0.0406710985381,-0.705356274217,0.644189522801,51.2706206638,-0.705356274217,0.644189522801,0.0236910427014,1.21465446347,0.311099363712,0.671891266654,2.0
24,SDIASTRD8,LN1,-63.4944718183,0.00634682,0.00200787755102,-0.705356274217,0.644189522801,-63.4944718183,-0.705356274217,0.644189522801,0.0100227408606,-0.636388637116,-0.465041768956,-1.00436561317,5.0
25,PCLDEND0,LN1,2.09481632084,0.04,0.183673469388,2.05332726617,3.31373469965,2.09481632084,2.05332726617,3.31373469965,0.315869027653,0.661687594375,0.501966312202,0.909022753115,3.0
25,PCLDEND4,LN1,1.68196708106,0.06,0.163265306122,2.05332726617,3.31373469965,1.68196708106,2.05332726617,3.31373469965,0.315869027653,0.531281306437,0.360788286895,0.653360103801,5.0
25,RDDEN,LN1,-13.5585336444,0.04717518,0.0415864489796,2.05332726617,3.31373469965,-13.5585336444,2.05332726617,3.31373469965,0.0272652203833,-0.369676407889,-0.226208662481,-0.409646655857,7.0
25,SDIASTRD7,LN1,34.8346115459,0.00619772,0.0135395918367,2.05332726617,3.31373469965,34.8346115459,2.05332726617,3.31373469965,0.0184201364495,0.641658297841,0.439864580395,0.796561247535,4.0
25,SPAGESTR3,LN1,1.67953962757,0.88,1.0,2.05332726617,3.31373469965,1.67953962757,2.05332726617,3.31373469965,0.239820588476,0.402788181853,0.552204343051,1.0,1.0
25,SPDIASTR2,LN1,1.0902116978,0.62,0.836734693878,2.05332726617,3.31373469965,1.0902116978,2.05332726617,3.31373469965,0.447628258172,0.488009563326,0.534337898218,0.967645229419,2.0
25,T10_500SD,LN1,0.015318800044,9.03605763578,10.1060732024,2.05332726617,3.31373469965,0.015318800044,2.05332726617,3.31373469965,28.0069586372,0.429032999203,0.0421627745487,0.0763535728745,6.0
26,PCLDEND0,LN1,1.31934182908,0.04,0.183673469388,-0.454499602994,0.93097864487,1.31934182908,-0.454499602994,0.93097864487,0.315869027653,0.416739220692,0.484087268478,1.0,1.0
26,PCLDEND6,LN1,-7.64176535089,0.02,0.0,-0.454499602994,0.93097864487,-7.64176535089,-0.454499602994,0.93097864487,0.100503781526,-0.768026315298,-0.211788179959,-0.4375,4.0
26,RDDEN,LN1,-23.2563943875,0.04717518,0.0415864489796,-0.454499602994,0.93097864487,-23.2563943875,-0.454499602994,0.93097864487,0.0272652203833,-0.634090718296,-0.218151558908,-0.450645107015,5.0
26,RDDEND1,LN1,-0.973224356374,0.74,0.489795918367,-0.454499602994,0.93097864487,-0.973224356374,-0.454499602994,0.93097864487,0.488794241321,-0.475706460909,-0.544781604826,-1.12537891471,7.0
26,SDENSTR,LN1,52.3074513983,0.0338100779201,0.0406710985381,-0.454499602994,0.93097864487,52.3074513983,-0.454499602994,0.93097864487,0.0236910427014,1.23921806468,0.30821847983,0.636700239605,2.0
26,SDIASTRD8,LN1,-56.8127242078,0.00634682,0.00200787755102,-0.454499602994,0.93097864487,-56.8127242078,-0.454499602994,0.93097864487,0.0100227408606,-0.56941921232,-0.460735327049,-0.95176088497,6.0
26,T5_50SD,LN1,0.0898266683864,0.611553045664,1.32649040045,-0.454499602994,0.93097864487,0.0898266683864,-0.454499602994,0.93097864487,3.92421585864,0.352499236611,0.19389616786,0.400539697045,3.0
27,PCLDEND4,LN1,1.7528101213,0.06,0.163265306122,0.966811356865,2.24753118758,1.7528101213,0.966811356865,2.24753118758,0.315869027653,0.553658428675,0.358393385567,0.653360103801,3.0
27,SAGESAND0,LN1,525.881222984,0.0,0.000749734693878,0.966811356865,2.24753118758,525.881222984,0.966811356865,2.24753118758,0.00173941037205,0.914723253723,0.472517769597,0.86141170966,2.0
27,SDENSAND10,LN1,-1.6865025781,0.9,0.734693877551,0.966811356865,2.24753118758,-1.6865025781,0.966811356865,2.24753118758,0.522232967867,-0.880747246679,-0.347006209695,-0.632600997441,7.0
27,SDENSTRD10,LN1,1.10569259645,0.82,0.938775510204,0.966811356865,2.24753118758,1.10569259645,0.966811356865,2.24753118758,0.558290526239,0.617297701533,0.233227221727,0.425179057242,4.0
27,SPAGESAN2,LN1,-2.05346568619,0.12,0.122448979592,0.966811356865,2.24753118758,-2.05346568619,0.966811356865,2.24753118758,0.328034569878,-0.673607733129,0.00818423600335,0.0149200668875,5.0
27,SPAGESTR3,LN1,2.05063540914,0.88,1.0,0.966811356865,2.24753118758,2.05063540914,0.966811356865,2.24753118758,0.239820588476,0.491784590569,0.548538827947,1.0,1.0
27,T20_1200MN,LN1,-0.00846103359351,10.08341782,3.66833848752,0.966811356865,2.24753118758,-0.00846103359351,0.966811356865,2.24753118758,25.2833176517,-0.213923000007,-0.27815095985,-0.507076155194,6.0
28,PCLDEND4,LN1,0.838192861711,0.06,0.163265306122,-0.6467644233,0.750478559577,0.838192861711,-0.6467644233,0.750478559577,0.315869027653,0.264759164214,0.346942438177,0.758475995246,2.0
28,PCLDEND6,LN1,-6.69513753184,0.02,0.0,-0.6467644233,0.750478559577,-6.69513753184,-0.6467644233,0.750478559577,0.100503781526,-0.672886639786,-0.211182353673,-0.461681040585,4.0
28,RDDEN,LN1,-23.1093654512,0.04717518,0.0415864489796,-0.6467644233,0.750478559577,-23.1093654512,-0.6467644233,0.750478559577,0.0272652203833,-0.630081941945,-0.21752752999,-0.475552690151,5.0
28,RDDEND1,LN1,-0.96014423929,0.74,0.489795918367,-0.6467644233,0.750478559577,-0.96014423929,-0.6467644233,0.750478559577,0.488794241321,-0.469312975002,-0.543223241104,-1.18757967634,7.0
28,SAGESAND0,LN1,266.421636529,0.0,0.000749734693878,-0.6467644233,0.750478559577,266.421636529,-0.6467644233,0.750478559577,0.00173941037205,0.463416557917,0.457420459384,1.0,1.0
28,SDENSTR,LN1,48.4967555121,0.0338100779201,0.0406710985381,-0.6467644233,0.750478559577,48.4967555121,-0.6467644233,0.750478559577,0.0236910427014,1.14893870572,0.307336811849,0.671891266654,3.0
28,SDIASTRD8,LN1,-63.3604096515,0.00634682,0.00200787755102,-0.6467644233,0.750478559577,-63.3604096515,-0.6467644233,0.750478559577,0.0100227408606,-0.635044966759,-0.459417380164,-1.00436561317,6.0
29,PCLDEND5,LN1,-1.698057769,0.04,0.0204081632653,-0.794029897629,0.610919180859,-1.698057769,-0.794029897629,0.610919180859,0.172292196902,-0.292562103487,-0.120455082121,-0.263817737477,3.0
29,PCLDEND6,LN1,-7.36773285014,0.02,0.0,-0.794029897629,0.610919180859,-7.36773285014,-0.794029897629,0.610919180859,0.100503781526,-0.740485012712,-0.210796393711,-0.461681040585,4.0
29,RDDEN,LN1,-27.4783449004,0.04717518,0.0415864489796,-0.794029897629,0.610919180859,-27.4783449004,-0.794029897629,0.610919180859,0.0272652203833,-0.749203129476,-0.217129973491,-0.475552690151,5.0
29,RDDEND1,LN1,-1.00488241668,0.74,0.489795918367,-0.794029897629,0.610919180859,-1.00488241668,-0.794029897629,0.610919180859,0.488794241321,-0.491180738477,-0.542230438355,-1.18757967634,7.0
29,SAGESAND0,LN1,253.701629313,0.0,0.000749734693878,-0.794029897629,0.610919180859,253.701629313,-0.794029897629,0.610919180859,0.00173941037205,0.441291245432,0.456584471055,1.0,1.0
29,SDENSTR,LN1,54.3129376067,0.0338100779201,0.0406710985381,-0.794029897629,0.610919180859,54.3129376067,-0.794029897629,0.610919180859,0.0236910427014,1.28673012408,0.306775118592,0.671891266654,2.0
29,SDIASTRD8,LN1,-59.1112915293,0.00634682,0.00200787755102,-0.794029897629,0.610919180859,-59.1112915293,-0.794029897629,0.610919180859,0.0100227408606,-0.592457156934,-0.458577742233,-1.00436561317,6.0
30,PCLDEND0,LN1,1.94803059346,0.04,0.183673469388,2.42580072039,3.70825764557,1.94803059346,2.42580072039,3.70825764557,0.315869027653,0.615322529395,0.498357653065,0.909022753115,3.0
30,PCLDEND4,LN1,1.8708922941,0.06,0.163265306122,2.42580072039,3.70825764557,1.8708922941,2.42580072039,3.70825764557,0.315869027653,0.590956929781,0.358194563141,0.653360103801,5.0
30,SDENSAND10,LN1,-0.69110811525,0.9,0.734693877551,2.42580072039,3.70825764557,-0.69110811525,2.42580072039,3.70825764557,0.522232967867,-0.360919442144,-0.346813704422,-0.632600997441,7.0
30,SDIASTRD7,LN1,24.868453528,0.00619772,0.0135395918367,2.42580072039,3.70825764557,24.868453528,2.42580072039,3.70825764557,0.0184201364495,0.458080307273,0.436702373493,0.796561247535,4.0
30,SPAGESTR3,LN1,2.1174773773,0.88,1.0,2.42580072039,3.70825764557,2.1174773773,2.42580072039,3.70825764557,0.239820588476,0.507814670709,0.548234520376,1.0,1.0
30,SPDIASTR2,LN1,1.13299278235,0.62,0.836734693878,2.42580072039,3.70825764557,1.13299278235,2.42580072039,3.70825764557,0.447628258172,0.507159585685,0.530496518245,0.967645229419,2.0
30,T10_550SD,LN1,0.0141569537912,9.72383860789,10.6348266377,2.42580072039,3.70825764557,0.0141569537912,2.42580072039,3.70825764557,29.6762392663,0.42012514799,0.0336337586036,0.0613492170841,6.0
31,PCLDEND6,LN1,-7.12028385173,0.02,0.0,-0.336878628608,1.05731051603,-7.12028385173,-0.336878628608,1.05731051603,0.100503781526,-0.715615452637,-0.211337670027,-0.461681040585,4.0
31,RDDEN,LN1,-23.1484972784,0.04717518,0.0415864489796,-0.336878628608,1.05731051603,-23.1484972784,-0.336878628608,1.05731051603,0.0272652203833,-0.631148879838,-0.217687512973,-0.475552690151,5.0
31,RDDEND1,LN1,-1.13379804177,0.74,0.489795918367,-0.336878628608,1.05731051603,-1.13379804177,-0.336878628608,1.05731051603,0.488794241321,-0.55419395364,-0.543622760533,-1.18757967634,7.0
31,SAGESAND0,LN1,240.771184587,0.0,0.000749734693878,-0.336878628608,1.05731051603,240.771184587,-0.336878628608,1.05731051603,0.00173941037205,0.418799895761,0.457756874225,1.0,1.0
31,SDENSTR,LN1,50.4057871892,0.0338100779201,0.0406710985381,-0.336878628608,1.05731051603,50.4057871892,-0.336878628608,1.05731051603,0.0236910427014,1.1941656567,0.307562846043,0.671891266654,2.0
31,SDIASTRD8,LN1,-67.3195158142,0.00634682,0.00200787755102,-0.336878628608,1.05731051603,-67.3195158142,-0.336878628608,1.05731051603,0.0100227408606,-0.674726061868,-0.459755263663,-1.00436561317,6.0
31,SPDIASTRC,LN1,0.267217082584,1.72,1.79591836735,-0.336878628608,1.05731051603,0.267217082584,-0.336878628608,1.05731051603,0.990680132184,0.264726654696,0.0813846928055,0.177790214387,3.0
32,PCLDEND4,LN1,1.79618171625,0.06,0.163265306122,0.506422463461,1.96102957127,1.79618171625,0.506422463461,1.96102957127,0.315869027653,0.567358172201,0.342545180864,0.653360103801,3.0
32,RDDEND1,LN1,-0.928322307922,0.74,0.489795918367,0.506422463461,1.96102957127,-0.928322307922,0.506422463461,1.96102957127,0.488794241321,-0.453758598202,-0.536338259313,-1.02299503935,8.0
32,SAGESAN1,LN1,1399.51830626,0.0,0.00011921592888,0.506422463461,1.96102957127,1399.51830626,0.506422463461,1.96102957127,0.000510885942106,0.714994228385,0.244501092012,0.466353835291,4.0
32,SAGESAND0,LN1,314.940965168,0.0,0.000749734693878,0.506422463461,1.96102957127,314.940965168,0.506422463461,1.96102957127,0.00173941037205,0.547811581396,0.451622968968,0.86141170966,2.0
32,SAGESAND1,LN1,-171.536010595,0.00116072,0.000853571428571,0.506422463461,1.96102957127,-171.536010595,0.506422463461,1.96102957127,0.00447442405701,-0.767524852447,-0.0719253240233,-0.137188142747,6.0
32,SDENSAND10,LN1,-1.38213932342,0.9,0.734693877551,0.506422463461,1.96102957127,-1.38213932342,0.506422463461,1.96102957127,0.522232967867,-0.721798720876,-0.331661547472,-0.632600997441,7.0
32,SDENSTRD10,LN1,1.13678702744,0.82,0.938775510204,0.506422463461,1.96102957127,1.13678702744,0.506422463461,1.96102957127,0.558290526239,0.634657427773,0.22291388197,0.425179057242,5.0
32,SPAGESTR3,LN1,1.81417656266,0.88,1.0,0.506422463461,1.96102957127,1.81417656266,0.506422463461,1.96102957127,0.239820588476,0.435076890856,0.524282365683,1.0,1.0
33,PCLDEND5,LN1,-3.59059665976,0.04,0.0204081632653,-0.702316336401,0.746395052548,-3.59059665976,-0.702316336401,0.746395052548,0.172292196902,-0.618631786697,-0.119291746142,-0.392649451734,4.0
33,PCLDEND6,LN1,-14.730781662,0.02,0.0,-0.702316336401,0.746395052548,-14.730781662,-0.702316336401,0.746395052548,0.100503781526,-1.48049926186,-0.208760555749,-0.687136540535,6.0
33,RDDEND1,LN1,-1.63412386937,0.74,0.489795918367,-0.702316336401,0.746395052548,-1.63412386937,-0.702316336401,0.746395052548,0.488794241321,-0.798750336953,-0.536993663232,-1.76751765542,8.0
33,SAGESAND3,LN1,80.5286816202,0.00266728,0.00302540816327,-0.702316336401,0.746395052548,80.5286816202,-0.702316336401,0.746395052548,0.012185961263,0.981319394788,0.0308304265565,0.10147852199,3.0
33,SDENSTR,LN1,35.6417056733,0.0338100779201,0.0406710985381,-0.702316336401,0.746395052548,35.6417056733,-0.702316336401,0.746395052548,0.0236910427014,0.844389171056,0.303812333407,1.0,1.0
33,SLOPSAND6,LN1,-100.25053067,0.00362542,0.0023692244898,-0.702316336401,0.746395052548,-100.25053067,-0.702316336401,0.746395052548,0.00625907543215,-0.627475633576,-0.210546440036,-0.693014788687,7.0
33,T10_300SD,LN1,0.0522198331254,4.51136074253,7.03147601546,-0.702316336401,0.746395052548,0.0522198331254,-0.702316336401,0.746395052548,19.7351951073,1.0305685952,0.133961448065,0.440934857921,2.0
33,T10_400MN,LN1,-0.081432516682,4.2587261421,2.49072750749,-0.702316336401,0.746395052548,-0.081432516682,-0.702316336401,0.746395052548,10.0764861066,-0.82055362297,-0.184066038826,-0.60585439953,5.0
34,PCLDEND0,LN1,2.04527130991,0.04,0.183673469388,0.418966047018,1.85771437558,2.04527130991,0.418966047018,1.85771437558,0.315869027653,0.646037859947,0.478174607824,1.0,1.0
34,PCLDEND6,LN1,-5.36771008929,0.02,0.0,0.418966047018,1.85771437558,-5.36771008929,0.418966047018,1.85771437558,0.100503781526,-0.539475162109,-0.209201390923,-0.4375,6.0
34,RDDEND1,LN1,-1.85932212231,0.74,0.489795918367,0.418966047018,1.85771437558,-1.85932212231,0.418966047018,1.85771437558,0.488794241321,-0.908825946147,-0.538127621197,-1.12537891471,8.0
34,SDENSTRD10,LN1,1.58748863048,0.82,0.938775510204,0.418966047018,1.85771437558,1.58748863048,0.418966047018,1.85771437558,0.558290526239,0.886279862906,0.223657579808,0.467732029573,3.0
34,SDIASTRD8,LN1,-52.8183864312,0.00634682,0.00200787755102,0.418966047018,1.85771437558,-52.8183864312,0.418966047018,1.85771437558,0.0100227408606,-0.529384999875,-0.455107887913,-0.95176088497,7.0
34,SLOPSAN2,LN1,75.2312469563,0.000854172520962,0.00230552765168,0.418966047018,1.85771437558,75.2312469563,0.418966047018,1.85771437558,0.00473973489286,0.356576166232,0.321911592321,0.673209298557,2.0
34,SPDIASTRC,LN1,0.37642154564,1.72,1.79591836735,0.418966047018,1.85771437558,0.37642154564,0.418966047018,1.85771437558,0.990680132184,0.372913346592,0.0805620263182,0.16847826087,4.0
34,T10_500SD,LN1,0.0157358844598,9.03605763578,10.1060732024,0.418966047018,1.85771437558,0.0157358844598,0.418966047018,1.85771437558,28.0069586372,0.440714265187,0.0401643849289,0.0839952274163,5.0
35,PCLDEND0,LN1,2.10969403615,0.04,0.183673469388,0.593807277486,2.00450381419,2.10969403615,0.593807277486,2.00450381419,0.315869027653,0.666387003844,0.48117492996,1.0,1.0
35,PCLDEND4,LN1,1.12869410316,0.06,0.163265306122,0.593807277486,2.00450381419,1.12869410316,0.593807277486,2.00450381419,0.315869027653,0.356519508883,0.345844480908,0.71875,2.0
35,PCLDEND6,LN1,-5.81884791225,0.02,0.0,0.593807277486,2.00450381419,-5.81884791225,0.593807277486,2.00450381419,0.100503781526,-0.584816219305,-0.210514031857,-0.4375,6.0
35,RDDEND1,LN1,-1.42781361522,0.74,0.489795918367,0.593807277486,2.00450381419,-1.42781361522,0.593807277486,2.00450381419,0.488794241321,-0.697907072797,-0.541504120465,-1.12537891471,8.0
35,SDENSTRD10,LN1,1.29595446157,0.82,0.938775510204,0.593807277486,2.00450381419,1.29595446157,0.593807277486,2.00450381419,0.558290526239,0.723519098334,0.225060926569,0.467732029573,4.0
35,SDIASTRD8,LN1,-54.7181667438,0.00634682,0.00200787755102,0.593807277486,2.00450381419,-54.7181667438,0.593807277486,2.00450381419,0.0100227408606,-0.548426005641,-0.457963477163,-0.95176088497,7.0
35,T10_500SD,LN1,0.0160315499076,9.03605763578,10.1060732024,0.593807277486,2.00450381419,0.0160315499076,0.593807277486,2.00450381419,28.0069586372,0.448994955153,0.0404163976689,0.0839952274163,5.0
35,TSLOPE,LN1,0.115030980632,6.55822098378,7.50502803674,0.593807277486,2.00450381419,0.115030980632,0.593807277486,2.00450381419,3.17069636074,0.364728311661,0.31589320667,0.656503876244,3.0
36,PCLDEND4,LN1,1.36217702421,0.06,0.163265306122,-0.86948375457,0.743928319383,1.36217702421,-0.86948375457,0.743928319383,0.315869027653,0.43026953213,0.33375952376,0.758475995246,2.0
36,RDDEND1,LN1,-1.60331897973,0.74,0.489795918367,-0.86948375457,0.743928319383,-1.60331897973,-0.86948375457,0.743928319383,0.488794241321,-0.783693084291,-0.522582164347,-1.18757967634,8.0
36,SAGESAND0,LN1,301.423912313,0.0,0.000749734693878,-0.86948375457,0.743928319383,301.423912313,-0.86948375457,0.743928319383,0.00173941037205,0.52429987946,0.440039666189,1.0,1.0
36,SAGESTRD10,LN1,-1547.89239427,5.572e-05,0.0,-0.86948375457,0.743928319383,-1547.89239427,-0.86948375457,0.743928319383,0.000280003535331,-0.433415342709,-0.203157970985,-0.461681040585,6.0
36,SDENSAND10,LN1,-1.24636499682,0.9,0.734693877551,-0.86948375457,0.743928319383,-1.24636499682,-0.86948375457,0.743928319383,0.522232967867,-0.650892891337,-0.32315503565,-0.734377058434,7.0
36,SDENSTRD10,LN1,1.7052056984,0.82,0.938775510204,-0.86948375457,0.743928319383,1.7052056984,-0.86948375457,0.743928319383,0.558290526239,0.952000186707,0.217196548783,0.493584023149,3.0
36,T5_25MN,LN1,-3.63096428603,0.0347096519587,-0.00684969634391,-0.86948375457,0.743928319383,-3.63096428603,-0.86948375457,0.743928319383,0.273739167128,-0.993937139529,-0.154995132931,-0.352229912075,5.0
36,T5_50SD,LN1,0.279582557053,0.611553045664,1.32649040045,-0.86948375457,0.743928319383,0.279582557053,-0.86948375457,0.743928319383,3.92421585864,1.09714230419,0.185995044915,0.422677906577,4.0
37,PCLDEND0,LN1,1.86980397572,0.04,0.183673469388,0.482462172789,1.88384938577,1.86980397572,0.482462172789,1.88384938577,0.315869027653,0.590613163711,0.482225675302,0.994733948768,2.0
37,PCLDEND4,LN1,1.22703318543,0.06,0.163265306122,0.482462172789,1.88384938577,1.22703318543,0.482462172789,1.88384938577,0.315869027653,0.387581779179,0.346599704123,0.714965025677,4.0
37,RDDEND1,LN1,-1.29244639889,0.74,0.489795918367,0.482462172789,1.88384938577,-1.29244639889,0.482462172789,1.88384938577,0.488794241321,-0.631740356991,-0.542686607118,-1.11945261169,8.0
37,SDIASTR2,LN1,41.2713531096,0.00896142266379,0.0154221872608,0.482462172789,1.88384938577,41.2713531096,0.482462172789,1.88384938577,0.0141293219768,0.583136236503,0.48477854395,1.0,1.0
37,SDIASTRD7,LN1,36.2752413758,0.00619772,0.0135395918367,0.482462172789,1.88384938577,36.2752413758,0.482462172789,1.88384938577,0.0184201364495,0.66819489588,0.422566194516,0.871668517076,3.0
37,SLOPSAND6,LN1,-77.1742699392,0.00362542,0.0023692244898,0.482462172789,1.88384938577,-77.1742699392,0.482462172789,1.88384938577,0.00625907543215,-0.48303957697,-0.212778550303,-0.438919075437,7.0
37,SPDIASTRC,LN1,0.491413048905,1.72,1.79591836735,0.482462172789,1.88384938577,0.491413048905,0.482462172789,1.88384938577,0.990680132184,0.486833144246,0.0812445431215,0.167591045716,5.0
37,T10_500SD,LN1,0.0144247892798,9.03605763578,10.1060732024,0.482462172789,1.88384938577,0.0144247892798,0.482462172789,1.88384938577,28.0069586372,0.403994476709,0.0405046552629,0.0835529042455,6.0
38,PCLDEND4,LN1,1.1703421105,0.06,0.163265306122,0.15333612127,1.5957281049,1.1703421105,0.15333612127,1.5957281049,0.315869027653,0.369674824464,0.343420658522,0.758475995246,3.0
38,RDDEND1,LN1,-1.24689128697,0.74,0.489795918367,0.15333612127,1.5957281049,-1.24689128697,0.15333612127,1.5957281049,0.488794241321,-0.609473280623,-0.537709033708,-1.18757967634,8.0
38,SAGESAND0,LN1,248.183823887,0.0,0.000749734693878,0.15333612127,1.5957281049,248.183823887,0.15333612127,1.5957281049,0.00173941037205,0.431693517444,0.452777227854,1.0,1.0
38,SDENSAND10,LN1,-1.03592096708,0.9,0.734693877551,0.15333612127,1.5957281049,-1.03592096708,0.15333612127,1.5957281049,0.522232967867,-0.540992081112,-0.332509208718,-0.734377058434,6.0
38,SDENSTRD10,LN1,1.54857927121,0.82,0.938775510204,0.15333612127,1.5957281049,1.54857927121,0.15333612127,1.5957281049,0.558290526239,0.864557136249,0.223483605715,0.493584023149,4.0
38,SDIASTRD8,LN1,-59.8845382435,0.00634682,0.00200787755102,0.15333612127,1.5957281049,-59.8845382435,0.15333612127,1.5957281049,0.0100227408606,-0.600207208372,-0.454753878082,-1.00436561317,7.0
38,SPDIASTR3,LN1,0.931212186815,0.4,0.591836734694,0.15333612127,1.5957281049,0.931212186815,0.15333612127,1.5957281049,0.50251890763,0.46795173089,0.40101294287,0.885673832958,2.0
38,SPDIASTRC,LN1,0.392965421662,1.72,1.79591836735,0.15333612127,1.5957281049,0.392965421662,0.15333612127,1.5957281049,0.990680132184,0.389303035876,0.0804993604096,0.177790214387,5.0
39,PCLDEND0,LN1,0.925034598898,0.04,0.183673469388,-0.512789993293,0.938211625564,0.925034598898,-0.512789993293,0.938211625564,0.315869027653,0.292189779299,0.476939537527,1.0,1.0
39,PCLDEND4,LN1,0.928117306605,0.06,0.163265306122,-0.512789993293,0.938211625564,0.928117306605,-0.512789993293,0.938211625564,0.315869027653,0.293163511185,0.342800292598,0.71875,3.0
39,PCLDEND6,LN1,-6.42264376779,0.02,0.0,-0.512789993293,0.938211625564,-6.42264376779,-0.512789993293,0.938211625564,0.100503781526,-0.645499986057,-0.208661047668,-0.4375,5.0
39,RDDEN,LN1,-22.0160063242,0.04717518,0.0415864489796,-0.512789993293,0.938211625564,-22.0160063242,-0.512789993293,0.938211625564,0.0272652203833,-0.60027126439,-0.214930468929,-0.450645107015,6.0
39,RDDEND1,LN1,-0.892626267648,0.74,0.489795918367,-0.512789993293,0.938211625564,-0.892626267648,-0.512789993293,0.938211625564,0.488794241321,-0.436310579278,-0.536737699126,-1.12537891471,8.0
39,SAGESAND0,LN1,212.733372076,0.0,0.000749734693878,-0.512789993293,0.938211625564,212.733372076,-0.512789993293,0.938211625564,0.00173941037205,0.37003063387,0.45195931677,0.947623925483,2.0
39,SDENSTR,LN1,47.487142665,0.0338100779201,0.0406710985381,-0.512789993293,0.938211625564,47.487142665,-0.512789993293,0.938211625564,0.0236910427014,1.12501992464,0.303667517821,0.636700239605,4.0
39,SDIASTRD8,LN1,-60.4108883996,0.00634682,0.00200787755102,-0.512789993293,0.938211625564,-60.4108883996,-0.512789993293,0.938211625564,0.0100227408606,-0.605482679588,-0.453932396314,-0.95176088497,7.0
40,PCLDEND0,LN1,1.90132390142,0.04,0.183673469388,0.478982272447,1.82841225884,1.90132390142,0.478982272447,1.82841225884,0.315869027653,0.600569331995,0.48862730649,0.994733948768,2.0
40,PCLDEND4,LN1,1.24460447979,0.06,0.163265306122,0.478982272447,1.82841225884,1.24460447979,0.478982272447,1.82841225884,0.315869027653,0.393132006844,0.35120087654,0.714965025677,4.0
40,RDDEND1,LN1,-1.26620901639,0.74,0.489795918367,0.478982272447,1.82841225884,-1.26620901639,0.478982272447,1.82841225884,0.488794241321,-0.618915675521,-0.549890867877,-1.11945261169,8.0
40,SDIASTR2,LN1,39.1211344185,0.00896142266379,0.0154221872608,0.478982272447,1.82841225884,39.1211344185,0.478982272447,1.82841225884,0.0141293219768,0.552755104297,0.491214064921,1.0,1.0
40,SDIASTRD7,LN1,31.781952591,0.00619772,0.0135395918367,0.478982272447,1.82841225884,31.781952591,0.478982272447,1.82841225884,0.0184201364495,0.585427903358,0.428175835537,0.871668517076,3.0
40,SPDIASTRC,LN1,0.372913978882,1.72,1.79591836735,0.478982272447,1.82841225884,0.372913978882,0.478982272447,1.82841225884,0.990680132184,0.369438469893,0.0823230788108,0.167591045716,5.0
40,T10_750SD,LN1,0.029194536229,14.520673792,11.8223442179,0.478982272447,1.82841225884,0.029194536229,0.478982272447,1.82841225884,34.7931242701,1.01576912702,-0.0833124225354,-0.169605124293,6.0
40,T20_1300SD,LN1,-0.0175203879215,19.8423303421,8.69537078891,0.478982272447,1.82841225884,-0.0175203879215,0.478982272447,1.82841225884,46.2820754209,-0.810879915187,-0.258732984066,-0.526721449044,7.0
41,PCLDEND0,LN1,1.42165466505,0.04,0.183673469388,1.05831783639,2.54345946109,1.42165466505,1.05831783639,2.54345946109,0.315869027653,0.449056676707,0.473728388276,0.939417387156,2.0
41,PCLDEND4,LN1,0.886686066912,0.06,0.163265306122,1.05831783639,2.54345946109,0.886686066912,1.05831783639,2.54345946109,0.315869027653,0.280076665789,0.340492279073,0.675206247018,4.0
41,RDDEND1,LN1,-1.41362801274,0.74,0.489795918367,1.05831783639,2.54345946109,-1.41362801274,1.05831783639,2.54345946109,0.488794241321,-0.690973231999,-0.533123939467,-1.05720051962,9.0
41,SDENSTRD10,LN1,0.780043312772,0.82,0.938775510204,1.05831783639,2.54345946109,0.780043312772,1.05831783639,2.54345946109,0.558290526239,0.435490791577,0.221577940514,0.43939560111,5.0
41,SDIASTRD0,LN1,-1607.62284566,7.582e-05,0.0,1.05831783639,2.54345946109,-1607.62284566,1.05831783639,2.54345946109,0.000269782461591,-0.433708448611,-0.292704865905,-0.58044239514,8.0
41,SDIASTRD7,LN1,26.1624876558,0.00619772,0.0135395918367,1.05831783639,2.54345946109,26.1624876558,1.05831783639,2.54345946109,0.0184201364495,0.481916592479,0.415120165765,0.823195550722,3.0
41,SLOPSAND6,LN1,-84.1918377941,0.00362542,0.0023692244898,1.05831783639,2.54345946109,-84.1918377941,1.05831783639,2.54345946109,0.00625907543215,-0.526963063524,-0.209029184585,-0.414511047432,7.0
41,SPDIASTR2,LN1,1.32944334874,0.62,0.836734693878,1.05831783639,2.54345946109,1.32944334874,1.05831783639,2.54345946109,0.447628258172,0.595096410533,0.504278923035,1.0,1.0
41,SPDIASTRC,LN1,0.462452201312,1.72,1.79591836735,1.05831783639,2.54345946109,0.462452201312,1.05831783639,2.54345946109,0.990680132184,0.458142207925,0.0798129349812,0.158271407619,6.0
42,PCLDEND4,LN1,1.06996283413,0.06,0.163265306122,-0.547067359844,1.04663654606,1.06996283413,-0.547067359844,1.04663654606,0.315869027653,0.337968120041,0.334612680974,0.758475995246,2.0
42,PCLDEND6,LN1,-4.06231414801,0.02,0.0,-0.547067359844,1.04663654606,-4.06231414801,-0.547067359844,1.04663654606,0.100503781526,-0.408277933621,-0.203677284071,-0.461681040585,6.0
42,RDDEN,LN1,-20.7304235596,0.04717518,0.0415864489796,-0.547067359844,1.04663654606,-20.7304235596,-0.547067359844,1.04663654606,0.0272652203833,-0.565219566992,-0.209796963376,-0.475552690151,7.0
42,RDDEND1,LN1,-1.08930740464,0.74,0.489795918367,-0.547067359844,1.04663654606,-1.08930740464,-0.547067359844,1.04663654606,0.488794241321,-0.532447186414,-0.523917990629,-1.18757967634,9.0
42,SAGESAND0,LN1,243.91542479,0.0,0.000749734693878,-0.547067359844,1.04663654606,243.91542479,-0.547067359844,1.04663654606,0.00173941037205,0.424269019782,0.441164497059,1.0,1.0
42,SDENSTR,LN1,47.173437887,0.0338100779201,0.0406710985381,-0.547067359844,1.04663654606,47.173437887,-0.547067359844,1.04663654606,0.0236910427014,1.11758793135,0.296414572732,0.671891266654,3.0
42,SDIASTRD8,LN1,-58.0364187089,0.00634682,0.00200787755102,-0.547067359844,1.04663654606,-58.0364187089,-0.547067359844,1.04663654606,0.0100227408606,-0.581683985197,-0.443090450597,-1.00436561317,8.0
42,T5_25MN,LN1,-2.7166571297,0.0347096519587,-0.00684969634391,-0.547067359844,1.04663654606,-2.7166571297,-0.547067359844,1.04663654606,0.273739167128,-0.743655460055,-0.15539133201,-0.352229912075,5.0
42,T5_50SD,LN1,0.19905617672,0.611553045664,1.32649040045,-0.547067359844,1.04663654606,0.19905617672,-0.547067359844,1.04663654606,3.92421585864,0.781139405444,0.186470486073,0.422677906577,4.0
43,PCLDEND0,LN1,2.09057256486,0.04,0.183673469388,1.06831792249,2.57493858801,2.09057256486,1.06831792249,2.57493858801,0.315869027653,0.660347123302,0.471873765832,1.0,1.0
43,PCLDEND4,LN1,1.04403554441,0.06,0.163265306122,1.06831792249,2.57493858801,1.04403554441,1.06831792249,2.57493858801,0.315869027653,0.329778492247,0.339159269192,0.71875,2.0
43,PCLDEND6,LN1,-6.02521386663,0.02,0.0,1.06831792249,2.57493858801,-6.02521386663,1.06831792249,2.57493858801,0.100503781526,-0.605556778099,-0.206444772552,-0.4375,7.0
43,RDDEND1,LN1,-1.62189627621,0.74,0.489795918367,1.06831792249,2.57493858801,-1.62189627621,1.06831792249,2.57493858801,0.488794241321,-0.79277355983,-0.531036786474,-1.12537891471,9.0
43,SDENSTRD10,LN1,1.38244243985,0.82,0.938775510204,1.06831792249,2.57493858801,1.38244243985,1.06831792249,2.57493858801,0.558290526239,0.77180451724,0.220710474195,0.467732029573,4.0
43,SDIASTRD8,LN1,-60.3055795541,0.00634682,0.00200787755102,1.06831792249,2.57493858801,-60.3055795541,1.06831792249,2.57493858801,0.0100227408606,-0.604427196319,-0.449110992963,-0.95176088497,8.0
43,SPDIASTRC,LN1,0.38027271833,1.72,1.79591836735,1.06831792249,2.57493858801,0.38027271833,1.06831792249,2.57493858801,0.990680132184,0.376728626861,0.0795004714174,0.16847826087,5.0
43,T10_500SD,LN1,0.0151448618609,9.03605763578,10.1060732024,1.06831792249,2.57493858801,0.0151448618609,1.06831792249,2.57493858801,28.0069586372,0.424161519705,0.0396351442729,0.0839952274163,6.0
43,TSLOPE,LN1,0.106886814007,6.55822098378,7.50502803674,1.06831792249,2.57493858801,0.106886814007,1.06831792249,2.57493858801,3.17069636074,0.338905632184,0.309786956367,0.656503876244,3.0
44,BLDDEND1,LN1,-0.736283793956,0.34,0.244897959184,0.621414684849,2.22068514257,-0.736283793956,0.621414684849,2.22068514257,0.457422353231,-0.336792665677,-0.212640770355,-0.457091259981,6.0
44,PCLDEND0,LN1,1.58581995379,0.04,0.183673469388,0.621414684849,2.22068514257,1.58581995379,0.621414684849,2.22068514257,0.315869027653,0.500911406836,0.465204192188,1.0,1.0
44,PCLDEND6,LN1,-6.35672167906,0.02,0.0,0.621414684849,2.22068514257,-6.35672167906,0.621414684849,2.22068514257,0.100503781526,-0.638874566854,-0.203526834082,-0.4375,5.0
44,RDDEND1,LN1,-1.64093807268,0.74,0.489795918367,0.621414684849,2.22068514257,-1.64093807268,0.621414684849,2.22068514257,0.488794241321,-0.80208108029,-0.523530988925,-1.12537891471,9.0
44,SDENSTRD10,LN1,1.38427114191,0.82,0.938775510204,0.621414684849,2.22068514257,1.38427114191,0.621414684849,2.22068514257,0.558290526239,0.772825464274,0.217590900978,0.467732029573,3.0
44,SDIASTRD0,LN1,-1802.95966475,7.582e-05,0.0,0.621414684849,2.22068514257,-1802.95966475,0.621414684849,2.22068514257,0.000269782461591,-0.486406896505,-0.287437979363,-0.617874869122,7.0
44,SDIASTRD8,LN1,-71.4969605361,0.00634682,0.00200787755102,0.621414684849,2.22068514257,-71.4969605361,0.621414684849,2.22068514257,0.0100227408606,-0.716595507775,-0.442763153648,-0.95176088497,8.0
44,SPDIASTRC,LN1,0.460365394912,1.72,1.79591836735,0.621414684849,2.22068514257,0.460365394912,0.621414684849,2.22068514257,0.990680132184,0.456074850285,0.078376793249,0.16847826087,4.0
44,TSLOPE,LN1,0.124011513375,6.55822098378,7.50502803674,0.621414684849,2.22068514257,0.124011513375,0.621414684849,2.22068514257,3.17069636074,0.393202854147,0.305408355416,0.656503876244,2.0
45,BLDDEND1,LN1,-0.586817519907,0.34,0.244897959184,0.150586568203,1.62909653228,-0.586817519907,0.150586568203,1.62909653228,0.457422353231,-0.268423450873,-0.216810439527,-0.457091259981,6.0
45,PCLDEND0,LN1,1.90251177895,0.04,0.183673469388,0.150586568203,1.62909653228,1.90251177895,0.150586568203,1.62909653228,0.315869027653,0.600944545717,0.47432637311,1.0,1.0
45,PCLDEND6,LN1,-5.45582151814,0.02,0.0,0.150586568203,1.62909653228,-5.45582151814,0.150586568203,1.62909653228,0.100503781526,-0.548330693903,-0.207517788235,-0.4375,5.0
45,RDDEND1,LN1,-1.75367439028,0.74,0.489795918367,0.150586568203,1.62909653228,-1.75367439028,0.150586568203,1.62909653228,0.488794241321,-0.857185943118,-0.53379689899,-1.12537891471,9.0
45,SDENSTRD10,LN1,1.72168196677,0.82,0.938775510204,0.150586568203,1.62909653228,1.72168196677,0.150586568203,1.62909653228,0.558290526239,0.961198731243,0.221857637174,0.467732029573,2.0
45,SDIASTRD8,LN1,-57.6842860422,0.00634682,0.00200787755102,0.150586568203,1.62909653228,-57.6842860422,0.150586568203,1.62909653228,0.0100227408606,-0.578154650731,-0.451445288635,-0.95176088497,8.0
45,SPDIASTRC,LN1,0.345483083627,1.72,1.79591836735,0.150586568203,1.62909653228,0.345483083627,0.150586568203,1.62909653228,0.990680132184,0.342263226955,0.0799136824261,0.16847826087,3.0
45,T10_800SD,LN1,0.0258776144292,15.0705902968,12.1479890653,0.150586568203,1.62909653228,0.0258776144292,0.150586568203,1.62909653228,35.938600594,0.930005249298,-0.0848039610266,-0.178788205409,4.0
45,T20_1300SD,LN1,-0.0175911660664,19.8423303421,8.69537078891,0.150586568203,1.62909653228,-0.0175911660664,0.150586568203,1.62909653228,46.2820754209,-0.814155674627,-0.251160498617,-0.529509875175,7.0
46,PCLDEND0,LN1,1.84605074926,0.04,0.183673469388,0.825526252063,2.30790278831,1.84605074926,0.825526252063,2.30790278831,0.315869027653,0.583110255168,0.473976240868,1.0,1.0
46,PCLDEND6,LN1,-10.7872548023,0.02,0.0,0.825526252063,2.30790278831,-10.7872548023,0.825526252063,2.30790278831,0.100503781526,-1.08415989991,-0.20736460538,-0.4375,7.0
46,RDDEND1,LN1,-1.76077850133,0.74,0.489795918367,0.825526252063,2.30790278831,-1.76077850133,0.825526252063,2.30790278831,0.488794241321,-0.860658391693,-0.533402867548,-1.12537891471,9.0
46,SAGESAND3,LN1,45.8446213336,0.00266728,0.00302540816327,0.825526252063,2.30790278831,45.8446213336,0.825526252063,2.30790278831,0.012185961263,0.558660779691,0.0306242681413,0.0646113992659,6.0
46,SDENSTRD10,LN1,1.33065401321,0.82,0.938775510204,0.825526252063,2.30790278831,1.33065401321,0.825526252063,2.30790278831,0.558290526239,0.742891529279,0.22169386911,0.467732029573,3.0
46,SDIASTRD8,LN1,-58.9009760459,0.00634682,0.00200787755102,0.825526252063,2.30790278831,-58.9009760459,0.825526252063,2.30790278831,0.0100227408606,-0.590349219345,-0.451112046463,-0.95176088497,8.0
46,SPDIASTRC,LN1,0.422527875321,1.72,1.79591836735,0.825526252063,2.30790278831,0.422527875321,0.825526252063,2.30790278831,0.990680132184,0.418589971374,0.079854692755,0.16847826087,4.0
46,T10_500SD,LN1,0.0124122817217,9.03605763578,10.1060732024,0.825526252063,2.30790278831,0.0124122817217,0.825526252063,2.30790278831,28.0069586372,0.347630260774,0.0398117421416,0.0839952274163,5.0
46,TSLOPE,LN1,0.090255655058,6.55822098378,7.50502803674,0.825526252063,2.30790278831,0.090255655058,0.825526252063,2.30790278831,3.17069636074,0.286173277029,0.311167239378,0.656503876244,2.0
47,BLDADEND5,LN1,1.62790177838,0.0,0.122448979592,1.05739178232,2.52652373508,1.62790177838,1.05739178232,2.52652373508,0.239820588476,0.390404362472,0.53341983669,1.0,1.0
47,RDDEND1,LN1,-1.11637051813,0.74,0.489795918367,1.05739178232,2.52652373508,-1.11637051813,1.05739178232,2.52652373508,0.488794241321,-0.545675480441,-0.534772129889,-1.00253513856,9.0
47,SDIASTRD0,LN1,-1853.6254142,7.582e-05,0.0,1.05739178232,2.52652373508,-1853.6254142,1.05739178232,2.52652373508,0.000269782461591,-0.500075627112,-0.293609783732,-0.550429068318,7.0
47,SDIASTRD7,LN1,30.3203494847,0.00619772,0.0135395918367,1.05739178232,2.52652373508,30.3203494847,1.05739178232,2.52652373508,0.0184201364495,0.558504974705,0.416403539162,0.780630022585,3.0
47,SDIASTRD8,LN1,-52.4440669961,0.00634682,0.00200787755102,1.05739178232,2.52652373508,-52.4440669961,1.05739178232,2.52652373508,0.0100227408606,-0.525633293178,-0.452270065615,-0.847868853963,8.0
47,SPDIASTR2,LN1,0.758052460928,0.62,0.836734693878,1.05739178232,2.52652373508,0.758052460928,1.05739178232,2.52652373508,0.447628258172,0.339325702688,0.505837937046,0.948292324831,2.0
47,SPDIASTRC,LN1,0.499095846263,1.72,1.79591836735,1.05739178232,2.52652373508,0.499095846263,1.05739178232,2.52652373508,0.990680132184,0.494444338948,0.0800596823231,0.150087561085,5.0
47,T5_25MN,LN1,-1.63706501962,0.0347096519587,-0.00684969634391,1.05739178232,2.52652373508,-1.63706501962,1.05739178232,2.52652373508,0.273739167128,-0.448128815006,-0.158610612866,-0.297346671339,6.0
47,TSLOPE,LN1,0.136831076516,6.55822098378,7.50502803674,1.05739178232,2.52652373508,0.136831076516,1.05739178232,2.52652373508,3.17069636074,0.433849796347,0.311966015703,0.584841421794,4.0
48,BLDADEN,LN1,6.26143103337,0.189703653466,0.210984005427,0.734805614493,2.21475944553,6.26143103337,0.734805614493,2.21475944553,0.0671134471813,0.420226220937,0.330564965432,0.969888627488,2.0
48,PCLDEND4,LN1,1.8432218372,0.06,0.163265306122,0.734805614493,2.21475944553,1.8432218372,0.734805614493,2.21475944553,0.315869027653,0.582216689465,0.340827756985,1.0,1.0
48,SAGESAN1,LN1,1286.60375376,0.0,0.00011921592888,0.734805614493,2.21475944553,1286.60375376,0.734805614493,2.21475944553,0.000510885942106,0.657307770858,0.243275233243,0.713777643565,4.0
48,SAGESAND1,LN1,-123.559510254,0.00116072,0.000853571428571,0.734805614493,2.21475944553,-123.559510254,0.734805614493,2.21475944553,0.00447442405701,-0.552857645154,-0.0715647109543,-0.209973247447,6.0
48,SDENSAND10,LN1,-1.34019658196,0.9,0.734693877551,0.734805614493,2.21475944553,-1.34019658196,0.734805614493,2.21475944553,0.522232967867,-0.699894838523,-0.329998691028,-0.968227159511,8.0
48,SDENSTR,LN1,31.4324110993,0.0338100779201,0.0406710985381,0.734805614493,2.21475944553,31.4324110993,0.734805614493,2.21475944553,0.0236910427014,0.744666593562,0.301920159355,0.885843811624,3.0
48,SDIASTRD8,LN1,-41.2012883693,0.00634682,0.00200787755102,0.734805614493,2.21475944553,-41.2012883693,0.734805614493,2.21475944553,0.0100227408606,-0.412949836449,-0.451320386241,-1.32418905735,9.0
48,T5_50MN,LN1,-1.56872340182,0.112718515996,0.0106188036149,0.734805614493,2.21475944553,-1.56872340182,0.734805614493,2.21475944553,0.642983553142,-1.0086633468,-0.165543532219,-0.485710241687,7.0
48,T5_50SD,LN1,0.264212479001,0.611553045664,1.32649040045,0.734805614493,2.21475944553,0.264212479001,0.734805614493,2.21475944553,3.92421585864,1.03682680015,0.189933977777,0.557272621976,5.0
49,PCLDEND0,LN1,1.77857254226,0.04,0.183673469388,0.510711695237,2.13735091268,1.77857254226,0.510711695237,2.13735091268,0.315869027653,0.561795979533,0.463611312205,1.0,1.0
49,PCLDEND6,LN1,-6.68994537957,0.02,0.0,0.510711695237,2.13735091268,-6.68994537957,0.510711695237,2.13735091268,0.100503781526,-0.672364808849,-0.20282994909,-0.4375,7.0
49,RDDEND1,LN1,-1.82582548339,0.74,0.489795918367,0.510711695237,2.13735091268,-1.82582548339,0.510711695237,2.13735091268,0.488794241321,-0.892452981935,-0.521738395378,-1.12537891471,10.0
49,SDENSTR,LN1,27.9204571477,0.0338100779201,0.0406710985381,0.510711695237,2.13735091268,27.9204571477,0.510711695237,2.13735091268,0.0236910427014,0.661464742528,0.295181433564,0.636700239605,3.0
49,SDENSTRD10,LN1,0.956207754828,0.82,0.938775510204,0.510711695237,2.13735091268,0.956207754828,0.510711695237,2.13735091268,0.558290526239,0.533841730637,0.21684585999,0.467732029573,4.0
49,SDIASTRD8,LN1,-59.0547988268,0.00634682,0.00200787755102,0.510711695237,2.13735091268,-59.0547988268,0.510711695237,2.13735091268,0.0100227408606,-0.591890945216,-0.441247112786,-0.95176088497,9.0
49,SLOPSAN2,LN1,75.7678079471,0.000854172520962,0.00230552765168,0.510711695237,2.13735091268,75.7678079471,0.510711695237,2.13735091268,0.00473973489286,0.359119323082,0.312107446292,0.673209298557,2.0
49,SLOPSAND6,LN1,-90.3624537889,0.00362542,0.0023692244898,0.510711695237,2.13735091268,-90.3624537889,0.510711695237,2.13735091268,0.00625907543215,-0.565585414498,-0.204565098806,-0.441242682007,8.0
49,SPDIASTRC,LN1,0.380801665838,1.72,1.79591836735,0.510711695237,2.13735091268,0.380801665838,0.510711695237,2.13735091268,0.990680132184,0.377252644649,0.0781084275997,0.16847826087,5.0
49,T10_750SD,LN1,0.0123348097658,14.520673792,11.8223442179,0.510711695237,2.13735091268,0.0123348097658,0.510711695237,2.13735091268,34.7931242701,0.429166569031,-0.0790471204159,-0.170503001836,6.0
50,OICP,LN1,0.517539846596,0.36,0.489795918367,1.05479615513,2.58363130362,0.517539846596,1.05479615513,2.58363130362,0.496742636335,0.257084107807,0.270044267457,0.57446035481,3.0
50,PCLDEND0,LN1,1.97940067968,0.04,0.183673469388,1.05479615513,2.58363130362,1.97940067968,1.05479615513,2.58363130362,0.315869027653,0.625231368026,0.470083383816,1.0,1.0
50,PCLDEND6,LN1,-10.6105094589,0.02,0.0,1.05479615513,2.58363130362,-10.6105094589,1.05479615513,2.58363130362,0.100503781526,-1.06639632453,-0.205661480419,-0.4375,8.0
50,RDDEND1,LN1,-1.61828503303,0.74,0.489795918367,1.05479615513,2.58363130362,-1.61828503303,1.05479615513,2.58363130362,0.488794241321,-0.79100840496,-0.529021928304,-1.12537891471,10.0
50,SAGESAND3,LN1,47.2689167083,0.00266728,0.00302540816327,1.05479615513,2.58363130362,47.2689167083,1.05479615513,2.58363130362,0.012185961263,0.576017187953,0.0303727452,0.0646113992659,7.0
50,SDENSTRD10,LN1,1.30596046625,0.82,0.938775510204,1.05479615513,2.58363130362,1.30596046625,1.05479615513,2.58363130362,0.558290526239,0.729105355951,0.219873055181,0.467732029573,4.0
50,SDIASTRD8,LN1,-59.6241714407,0.00634682,0.00200787755102,1.05479615513,2.58363130362,-59.6241714407,1.05479615513,2.58363130362,0.0100227408606,-0.597597619379,-0.44740697739,-0.95176088497,9.0
50,SPDIASTRC,LN1,0.368709986528,1.72,1.79591836735,1.05479615513,2.58363130362,0.368709986528,1.05479615513,2.58363130362,0.990680132184,0.365273658191,0.079198830969,0.16847826087,5.0
50,T10_550SD,LN1,0.0128376119422,9.72383860789,10.6348266377,1.05479615513,2.58363130362,0.0128376119422,1.05479615513,2.58363130362,29.6762392663,0.380972043603,0.0317255508319,0.0674891985639,6.0
50,TSLOPE,LN1,0.0947652907938,6.55822098378,7.50502803674,1.05479615513,2.58363130362,0.0947652907938,1.05479615513,2.58363130362,3.17069636074,0.300471962644,0.308611563633,0.656503876244,2.0
51,PCLDEND6,LN1,-6.75081716507,0.02,0.0,-0.133708483029,1.59514752281,-6.75081716507,-0.133708483029,1.59514752281,0.100503781526,-0.67848265348,-0.200807320704,-0.461681040585,6.0
51,RDDEND1,LN1,-1.88377920227,0.74,0.489795918367,-0.133708483029,1.59514752281,-1.88377920227,-0.133708483029,1.59514752281,0.488794241321,-0.920780425992,-0.516535599179,-1.18757967634,10.0
51,SAGESAND0,LN1,334.032559439,0.0,0.000749734693878,-0.133708483029,1.59514752281,334.032559439,-0.133708483029,1.59514752281,0.00173941037205,0.581019698489,0.434948163455,1.0,1.0
51,SDENSTR,LN1,23.7335432632,0.0338100779201,0.0406710985381,-0.133708483029,1.59514752281,23.7335432632,-0.133708483029,1.59514752281,0.0236910427014,0.562272386905,0.292237872473,0.671891266654,2.0
51,SDENSTRD10,LN1,1.06697119143,0.82,0.938775510204,-0.133708483029,1.59514752281,1.06697119143,-0.133708483029,1.59514752281,0.558290526239,0.595679907943,0.21468346438,0.493584023149,3.0
51,SDIASTRD0,LN1,-1700.3811967,7.582e-05,0.0,-0.133708483029,1.59514752281,-1700.3811967,-0.133708483029,1.59514752281,0.000269782461591,-0.45873302489,-0.283597250284,-0.652025400063,8.0
51,SDIASTRD8,LN1,-70.9499334781,0.00634682,0.00200787755102,-0.133708483029,1.59514752281,-70.9499334781,-0.133708483029,1.59514752281,0.0100227408606,-0.711112797329,-0.436846978885,-1.00436561317,9.0
51,SLOPSAND6,LN1,-91.2393375535,0.00362542,0.0023692244898,-0.133708483029,1.59514752281,-91.2393375535,-0.133708483029,1.59514752281,0.00625907543215,-0.571073896127,-0.202525167438,-0.465630584181,7.0
51,SPAGESAN2,LN1,-1.19597145077,0.12,0.122448979592,-0.133708483029,1.59514752281,-1.19597145077,-0.133708483029,1.59514752281,0.328034569878,-0.392319980441,0.00753351227823,0.0173204830166,5.0
51,SPDIASTRC,LN1,0.448536045531,1.72,1.79591836735,-0.133708483029,1.59514752281,0.448536045531,-0.133708483029,1.59514752281,0.990680132184,0.444355748876,0.0773295272278,0.177790214387,4.0
52,HSLWP,LN1,0.942476333526,0.06,0.142857142857,0.549167767972,2.0943779728,0.942476333526,0.549167767972,2.0943779728,0.302875656272,0.285453138037,0.281983701741,0.601445181359,3.0
52,PCLDEND0,LN1,2.04173114797,0.04,0.183673469388,0.549167767972,2.0943779728,2.04173114797,0.549167767972,2.0943779728,0.315869027653,0.644919632437,0.46884356294,1.0,1.0
52,PCLDEND4,LN1,0.856142962471,0.06,0.163265306122,0.549167767972,2.0943779728,0.856142962471,0.549167767972,2.0943779728,0.315869027653,0.270429045088,0.336981310863,0.71875,2.0
52,PCLDEND6,LN1,-10.3221341005,0.02,0.0,0.549167767972,2.0943779728,-10.3221341005,0.549167767972,2.0943779728,0.100503781526,-1.03741351052,-0.205119058786,-0.4375,8.0
52,RDDEND1,LN1,-1.68662655519,0.74,0.489795918367,0.549167767972,2.0943779728,-1.68662655519,0.549167767972,2.0943779728,0.488794241321,-0.824413347436,-0.527626660032,-1.12537891471,10.0
52,SAGESAND3,LN1,51.1651195802,0.00266728,0.00302540816327,0.549167767972,2.0943779728,51.1651195802,0.549167767972,2.0943779728,0.012185961263,0.623496165223,0.0302926386384,0.0646113992659,7.0
52,SDENSTRD10,LN1,1.39711253398,0.82,0.938775510204,0.549167767972,2.0943779728,1.39711253398,0.549167767972,2.0943779728,0.558290526239,0.779994691812,0.219293151246,0.467732029573,4.0
52,SDIASTRD8,LN1,-51.4806618887,0.00634682,0.00200787755102,0.549167767972,2.0943779728,-51.4806618887,0.549167767972,2.0943779728,0.0100227408606,-0.515977333443,-0.446226964376,-0.95176088497,9.0
52,SPDIASTRC,LN1,0.41019976591,1.72,1.79591836735,0.549167767972,2.0943779728,0.41019976591,0.549167767972,2.0943779728,0.990680132184,0.406376758313,0.078989948104,0.16847826087,5.0
52,T10_500SD,LN1,0.0169563566796,9.03605763578,10.1060732024,0.549167767972,2.0943779728,0.0169563566796,0.549167767972,2.0943779728,28.0069586372,0.474895980165,0.0393806216918,0.0839952274163,6.0
53,BLDADEN,LN1,5.9308746289,0.189703653466,0.210984005427,1.39742772323,3.1040929572,5.9308746289,1.39742772323,3.1040929572,0.0671134471813,0.398041441146,0.320547605325,0.654874860192,2.0
53,RDDEND1,LN1,-1.44568097696,0.74,0.489795918367,1.39742772323,3.1040929572,-1.44568097696,1.39742772323,3.1040929572,0.488794241321,-0.706640536327,-0.517477636588,-1.05720051962,10.0
53,SAGESTRD10,LN1,-1305.13052476,5.572e-05,0.0,1.39742772323,3.1040929572,-1305.13052476,1.39742772323,3.1040929572,0.000280003535331,-0.365441161,-0.201173545236,-0.410995106881,7.0
53,SDENSTR,LN1,37.0299814295,0.0338100779201,0.0406710985381,1.39742772323,3.1040929572,37.0299814295,1.39742772323,3.1040929572,0.0236910427014,0.877278871277,0.292770844467,0.598127275491,4.0
53,SDIASTRD8,LN1,-33.4209114985,0.00634682,0.00200787755102,1.39742772323,3.1040929572,-33.4209114985,1.39742772323,3.1040929572,0.0100227408606,-0.334969135275,-0.437643683307,-0.894100723756,9.0
53,SLOPSAN2,LN1,66.1063147596,0.000854172520962,0.00230552765168,1.39742772323,3.1040929572,66.1063147596,1.39742772323,3.1040929572,0.00473973489286,0.313326406705,0.30955863149,0.632424520259,3.0
53,SLOPSAND6,LN1,-77.1084899735,0.00362542,0.0023692244898,1.39742772323,3.1040929572,-77.1084899735,1.39742772323,3.1040929572,0.00625907543215,-0.482627855203,-0.202894524912,-0.414511047432,8.0
53,SPDIASTR2,LN1,0.937373801187,0.62,0.836734693878,1.39742772323,3.1040929572,0.937373801187,1.39742772323,3.1040929572,0.447628258172,0.419595001881,0.489479173519,1.0,1.0
53,T5_25MN,LN1,-4.03267928489,0.0347096519587,-0.00684969634391,1.39742772323,3.1040929572,-4.03267928489,1.39742772323,3.1040929572,0.273739167128,-1.10390226874,-0.153481156733,-0.313560137052,6.0
53,T5_50SD,LN1,0.256495309256,0.611553045664,1.32649040045,1.39742772323,3.1040929572,0.256495309256,1.39742772323,3.1040929572,3.92421585864,1.00654296025,0.184178264829,0.37627395565,5.0
54,BLDADEN,LN1,5.89117076305,0.189703653466,0.210984005427,1.91172754243,3.63917962365,5.89117076305,1.91172754243,3.63917962365,0.0671134471813,0.395376777842,0.319999188637,0.654874860192,2.0
54,RDDEND1,LN1,-1.49354960774,0.74,0.489795918367,1.91172754243,3.63917962365,-1.49354960774,1.91172754243,3.63917962365,0.488794241321,-0.730038447391,-0.516592297353,-1.05720051962,10.0
54,SDENSTR,LN1,38.3773846979,0.0338100779201,0.0406710985381,1.91172754243,3.63917962365,38.3773846979,1.91172754243,3.63917962365,0.0236910427014,0.909200259646,0.292269950327,0.598127275491,3.0
54,SDIASTRD0,LN1,-1252.10068197,7.582e-05,0.0,1.91172754243,3.63917962365,-1252.10068197,1.91172754243,3.63917962365,0.000269782461591,-0.337794804141,-0.283628379689,-0.58044239514,8.0
54,SDIASTRD8,LN1,-55.5686625861,0.00634682,0.00200787755102,1.91172754243,3.63917962365,-55.5686625861,1.91172754243,3.63917962365,0.0100227408606,-0.556950305071,-0.436894929938,-0.894100723756,9.0
54,SLOPSAND6,LN1,-73.4732645155,0.00362542,0.0023692244898,1.91172754243,3.63917962365,-73.4732645155,1.91172754243,3.63917962365,0.00625907543215,-0.459874704848,-0.202547397865,-0.414511047432,7.0
54,SPDIASTR2,LN1,0.993381341281,0.62,0.836734693878,1.91172754243,3.63917962365,0.993381341281,1.91172754243,3.63917962365,0.447628258172,0.444665559498,0.488641736137,1.0,1.0
54,SPDIASTRC,LN1,0.415583273768,1.72,1.79591836735,1.91172754243,3.63917962365,0.415583273768,1.91172754243,3.63917962365,0.990680132184,0.41171009259,0.0773380153997,0.158271407619,5.0
54,T5_25MN,LN1,-3.74112356893,0.0347096519587,-0.00684969634391,1.91172754243,3.63917962365,-3.74112356893,1.91172754243,3.63917962365,0.273739167128,-1.02409204988,-0.153218569752,-0.313560137052,6.0
54,T5_50SD,LN1,0.188011030248,0.611553045664,1.32649040045,1.91172754243,3.63917962365,0.188011030248,1.91172754243,3.63917962365,3.92421585864,0.737795866499,0.183863158952,0.37627395565,4.0
55,HSLWP,LN1,1.41902428598,0.06,0.142857142857,0.871673558506,2.34235121933,1.41902428598,0.871673558506,2.34235121933,0.302875656272,0.429787911882,0.285715580104,0.601445181359,4.0
55,OICP,LN1,0.81251827567,0.36,0.489795918367,0.871673558506,2.34235121933,0.81251827567,0.871673558506,2.34235121933,0.496742636335,0.403612470327,0.272896481024,0.57446035481,5.0
55,PCLDEND0,LN1,1.95888381864,0.04,0.183673469388,0.871673558506,2.34235121933,1.95888381864,0.871673558506,2.34235121933,0.315869027653,0.618750727078,0.475048414984,1.0,1.0
55,PCLDEND5,LN1,-2.49171573333,0.04,0.0204081632653,0.871673558506,2.34235121933,-2.49171573333,0.871673558506,2.34235121933,0.172292196902,-0.429303177749,-0.118762103746,-0.25,8.0
55,PCLDEND6,LN1,-14.4125823853,0.02,0.0,0.871673558506,2.34235121933,-14.4125823853,0.871673558506,2.34235121933,0.100503781526,-1.44851903128,-0.207833681556,-0.4375,9.0
55,RDDEND1,LN1,-0.940564482893,0.74,0.489795918367,0.871673558506,2.34235121933,-0.940564482893,0.871673558506,2.34235121933,0.488794241321,-0.459742502829,-0.534609469691,-1.12537891471,10.0
55,SAGESAND3,LN1,104.637704313,0.00266728,0.00302540816327,0.871673558506,2.34235121933,104.637704313,0.871673558506,2.34235121933,0.012185961263,1.27511101141,0.0306935428112,0.0646113992659,7.0
55,SDIASTRD7,LN1,29.4959190199,0.00619772,0.0135395918367,0.871673558506,2.34235121933,29.4959190199,0.871673558506,2.34235121933,0.0184201364495,0.54331885305,0.41627688282,0.876283068609,2.0
55,T10_550SD,LN1,0.02037874128,9.72383860789,10.6348266377,0.871673558506,2.34235121933,0.02037874128,0.871673558506,2.34235121933,29.6762392663,0.604764402172,0.0320606368063,0.0674891985639,6.0
55,TSLOPE,LN1,0.128013842686,6.55822098378,7.50502803674,0.871673558506,2.34235121933,0.128013842686,0.871673558506,2.34235121933,3.17069636074,0.405893025128,0.311871125841,0.656503876244,3.0
56,PCLDEND4,LN1,1.0585162414,0.06,0.163265306122,-0.642461699505,1.01332136246,1.0585162414,-0.642461699505,1.01332136246,0.315869027653,0.334352495924,0.332125221476,0.758475995246,2.0
56,PCLDEND6,LN1,-3.78994189643,0.02,0.0,-0.642461699505,1.01332136246,-3.78994189643,-0.642461699505,1.01332136246,0.100503781526,-0.380903492355,-0.20216317829,-0.461681040585,7.0
56,RDDEN,LN1,-20.4461443419,0.04717518,0.0415864489796,-0.642461699505,1.01332136246,-20.4461443419,-0.642461699505,1.01332136246,0.0272652203833,-0.557468631469,-0.208237364834,-0.475552690151,8.0
56,RDDEND1,LN1,-1.17757877951,0.74,0.489795918367,-0.642461699505,1.01332136246,-1.17757877951,-0.642461699505,1.01332136246,0.488794241321,-0.575593726125,-0.520023264409,-1.18757967634,10.0
56,SAGESAND0,LN1,236.934298586,0.0,0.000749734693878,-0.642461699505,1.01332136246,236.934298586,-0.642461699505,1.01332136246,0.00173941037205,0.412125976454,0.437884947656,1.0,1.0
56,SAGESTRD10,LN1,-1038.65056796,5.572e-05,0.0,-0.642461699505,1.01332136246,-1038.65056796,-0.642461699505,1.01332136246,0.000280003535331,-0.290825831004,-0.20216317829,-0.461681040585,6.0
56,SDENSTR,LN1,46.0376838082,0.0338100779201,0.0406710985381,-0.642461699505,1.01332136246,46.0376838082,-0.642461699505,1.01332136246,0.0236910427014,1.09068073297,0.294211072129,0.671891266654,3.0
56,SDIASTRD8,LN1,-51.4440894666,0.00634682,0.00200787755102,-0.642461699505,1.01332136246,-51.4440894666,-0.642461699505,1.01332136246,0.0100227408606,-0.515610777534,-0.439796583949,-1.00436561317,9.0
56,T5_25MN,LN1,-3.01778735621,0.0347096519587,-0.00684969634391,-0.642461699505,1.01332136246,-3.01778735621,-0.642461699505,1.01332136246,0.273739167128,-0.826086597458,-0.154236176612,-0.352229912075,5.0
56,T5_50SD,LN1,0.226265994333,0.611553045664,1.32649040045,-0.642461699505,1.01332136246,0.226265994333,-0.642461699505,1.01332136246,3.92421585864,0.887916603233,0.185084292997,0.422677906577,4.0
57,PCLDEND0,LN1,2.029070126,0.04,0.183673469388,0.903204036358,2.44547073622,2.029070126,0.903204036358,2.44547073622,0.315869027653,0.640920407738,0.469061542068,1.0,1.0
57,PCLDEND4,LN1,0.934168610873,0.06,0.163265306122,0.903204036358,2.44547073622,0.934168610873,0.903204036358,2.44547073622,0.315869027653,0.29507493078,0.337137983362,0.71875,2.0
57,PCLDEND6,LN1,-9.74375913169,0.02,0.0,0.903204036358,2.44547073622,-9.74375913169,0.903204036358,2.44547073622,0.100503781526,-0.979284639012,-0.205214424655,-0.4375,8.0
57,RDDEND1,LN1,-1.65481005388,0.74,0.489795918367,0.903204036358,2.44547073622,-1.65481005388,0.903204036358,2.44547073622,0.488794241321,-0.808861624818,-0.527871969147,-1.12537891471,10.0
57,SAGESAND3,LN1,38.2180046888,0.00266728,0.00302540816327,0.903204036358,2.44547073622,38.2180046888,0.903204036358,2.44547073622,0.012185961263,0.465723124689,0.0303067225749,0.0646113992659,7.0
57,SDENSTRD10,LN1,1.26454471569,0.82,0.938775510204,0.903204036358,2.44547073622,1.26454471569,0.903204036358,2.44547073622,0.558290526239,0.705983334773,0.219395107066,0.467732029573,4.0
57,SDIASTRD8,LN1,-57.5735281849,0.00634682,0.00200787755102,0.903204036358,2.44547073622,-57.5735281849,0.903204036358,2.44547073622,0.0100227408606,-0.577044553428,-0.446434428384,-0.95176088497,9.0
57,SPDIASTRC,LN1,0.398733644586,1.72,1.79591836735,0.903204036358,2.44547073622,0.398733644586,0.903204036358,2.44547073622,0.990680132184,0.395017499724,0.0790266728485,0.16847826087,5.0
57,T10_500SD,LN1,0.0146531507553,9.03605763578,10.1060732024,0.903204036358,2.44547073622,0.0146531507553,0.903204036358,2.44547073622,28.0069586372,0.410390187108,0.0393989308983,0.0839952274163,6.0
57,TSLOPE,LN1,0.090533879375,6.55822098378,7.50502803674,0.903204036358,2.44547073622,0.090533879375,0.903204036358,2.44547073622,3.17069636074,0.287055441858,0.307940720565,0.656503876244,3.0
58,PCLDEND0,LN1,1.64616760635,0.04,0.183673469388,0.573512655633,2.20043915542,1.64616760635,0.573512655633,2.20043915542,0.315869027653,0.519973361171,0.46359543733,1.0,1.0
58,PCLDEND6,LN1,-6.60607258623,0.02,0.0,0.573512655633,2.20043915542,-6.60607258623,0.573512655633,2.20043915542,0.100503781526,-0.663935275951,-0.202823003832,-0.4375,7.0
58,RDDEND1,LN1,-1.75202729424,0.74,0.489795918367,0.573512655633,2.20043915542,-1.75202729424,0.573512655633,2.20043915542,0.488794241321,-0.856380852061,-0.521720530129,-1.12537891471,10.0
58,SDENSTR,LN1,26.1779052843,0.0338100779201,0.0406710985381,0.573512655633,2.20043915542,26.1779052843,0.573512655633,2.20043915542,0.0236910427014,0.620181871923,0.295171326028,0.636700239605,2.0
58,SDENSTRD10,LN1,0.922951669026,0.82,0.938775510204,0.573512655633,2.20043915542,0.922951669026,0.573512655633,2.20043915542,0.558290526239,0.515275172994,0.216838434803,0.467732029573,4.0
58,SDIASTRD8,LN1,-56.9610559712,0.00634682,0.00200787755102,0.573512655633,2.20043915542,-56.9610559712,0.573512655633,2.20043915542,0.0100227408606,-0.570905903146,-0.441232003701,-0.95176088497,9.0
58,SLOPSAND1,LN1,41.9199871515,0.00257456,0.00487730612245,0.573512655633,2.20043915542,41.9199871515,0.573512655633,2.20043915542,0.00828012660908,0.347102801065,0.283451460841,0.611419867446,3.0
58,SLOPSAND6,LN1,-82.4047978238,0.00362542,0.0023692244898,0.573512655633,2.20043915542,-82.4047978238,0.573512655633,2.20043915542,0.00625907543215,-0.51577784555,-0.204558094134,-0.441242682007,8.0
58,SPDIASTRC,LN1,0.440163283889,1.72,1.79591836735,0.573512655633,2.20043915542,0.440163283889,0.573512655633,2.20043915542,0.990680132184,0.436061020266,0.0781057530285,0.16847826087,6.0
58,T10_300SD,LN1,0.0198736968477,4.51136074253,7.03147601546,0.573512655633,2.20043915542,0.0198736968477,0.573512655633,2.20043915542,19.7351951073,0.392211284793,0.130151326704,0.280743329688,5.0
